url,label,source,listing_id,title,reviewed_by
https://i.ebayimg.com/images/g/ZWUAAeSwnKhqOJXl/s-l500.webp,crib_bumper,ebay,ebay:198444999530,"American Girl Pleasant Co. Bitty Baby Crib Set w/Bedding, Bumper Pads & Mobile",contact-sheet review
https://i.ebayimg.com/images/g/eHQAAOSw3gJZL0af/s-l500.webp,crib_bumper,ebay,ebay:253089709563,Butterfly Bouquet 4 Piece Crib Bedding Set by NoJo-Pink Newborn,contact-sheet review
https://i.ebayimg.com/images/g/kT4AAeSwYOtqFY9e/s-l500.webp,crib_bumper,ebay,ebay:318363580237,"Breathable Mesh Liner for Full-Size Cribs, Classic 3mm Mesh, Safari Fun Too (...",contact-sheet review
https://i.ebayimg.com/images/g/m5cAAOSwWU5oVfEu/s-l500.webp,crib_bumper,ebay,ebay:326650922158,Dot PInk Floral Hottsie Elephant Crib Bedding Set Hamper Valance Sheet Toybag,contact-sheet review
https://i.ebayimg.com/images/g/yUQAAOSwDsBoTK3h/s-l500.webp,crib_bumper,ebay,ebay:256974989347,Tumble Jungle 4-pc Crib Little Bedding Set by NoJo Pink Floral Girl New,contact-sheet review
https://i.ebayimg.com/images/g/~-oAAeSwy4ZpmKP0/s-l500.webp,crib_bumper,ebay,ebay:298050566460,"Breathable Mesh Liner for Full-Size Cribs, Classic 3Mm Mesh, Best Friends (Size",contact-sheet review
https://www.cpsc.gov/s3fs-public/Baofali-crib-1.png,crib_bumper,cpsc,cpsc:https://www.cpsc.gov/s3fs-public/Baofali-crib-1.png,Baofali Crib Bumpers Recalled Due to Suffocation Hazard; Violation of Federal Ban on Crib Bumpers; Sold Exclusively on T,contact-sheet review
https://www.cpsc.gov/s3fs-public/Baofali-crib-2.png,crib_bumper,cpsc,cpsc:https://www.cpsc.gov/s3fs-public/Baofali-crib-2.png,Baofali Crib Bumpers Recalled Due to Suffocation Hazard; Violation of Federal Ban on Crib Bumpers; Sold Exclusively on T,contact-sheet review
https://www.cpsc.gov/s3fs-public/Baofali-crib-3.png,crib_bumper,cpsc,cpsc:https://www.cpsc.gov/s3fs-public/Baofali-crib-3.png,Baofali Crib Bumpers Recalled Due to Suffocation Hazard; Violation of Federal Ban on Crib Bumpers; Sold Exclusively on T,contact-sheet review
https://www.cpsc.gov/s3fs-public/Recall.2013.13204.1-13204%2520Bumper%2520Interior%2520LARGE.jpg,crib_bumper,cpsc,cpsc:https://www.cpsc.gov/s3fs-public/Recall.2013.13204.1-13204%2520Bumper%2520Interior%2520LARGE.jpg,Pottery Barn Kids Recalls Sweet Lambie Crib Bumpers Due to Entanglement Hazard,contact-sheet review
https://www.cpsc.gov/s3fs-public/Recall.2013.13204.2-13204%2520Bumper%2520Exterior%2520LARGE.jpg,crib_bumper,cpsc,cpsc:https://www.cpsc.gov/s3fs-public/Recall.2013.13204.2-13204%2520Bumper%2520Exterior%2520LARGE.jpg,Pottery Barn Kids Recalls Sweet Lambie Crib Bumpers Due to Entanglement Hazard,contact-sheet review
https://www.cpsc.gov/s3fs-public/Recall.2013.13204.4-13204%2520OtherTags%2520LARGE.jpg,crib_bumper,cpsc,cpsc:https://www.cpsc.gov/s3fs-public/Recall.2013.13204.4-13204%2520OtherTags%2520LARGE.jpg,Pottery Barn Kids Recalls Sweet Lambie Crib Bumpers Due to Entanglement Hazard,contact-sheet review
https://www.cpsc.gov/s3fs-public/RecalledLittlePeaShopCribBumpersPlushCribBumper.png,crib_bumper,cpsc,cpsc:https://www.cpsc.gov/s3fs-public/RecalledLittlePeaShopCribBumpersPlushCribBumper.png,Little Pea Shop Crib Bumpers Recalled Due to Risk of Serious Injury or Death from Suffocation; Violates Federal Crib Bum,contact-sheet review
https://www.cpsc.gov/s3fs-public/RecalledLittlePeaShopCribBumpersWaffleBeddingAccessory.png,crib_bumper,cpsc,cpsc:https://www.cpsc.gov/s3fs-public/RecalledLittlePeaShopCribBumpersWaffleBeddingAccessory.png,Little Pea Shop Crib Bumpers Recalled Due to Risk of Serious Injury or Death from Suffocation; Violates Federal Crib Bum,contact-sheet review
https://www.cpsc.gov/s3fs-public/RecalledLittlePeaShopCribBumpersWaffleBeddingAccessorygray.png,crib_bumper,cpsc,cpsc:https://www.cpsc.gov/s3fs-public/RecalledLittlePeaShopCribBumpersWaffleBeddingAccessorygray.png,Little Pea Shop Crib Bumpers Recalled Due to Risk of Serious Injury or Death from Suffocation; Violates Federal Crib Bum,contact-sheet review
https://www.cpsc.gov/s3fs-public/RecalledpaddedcribbumpersNO1.jpg,crib_bumper,cpsc,cpsc:https://www.cpsc.gov/s3fs-public/RecalledpaddedcribbumpersNO1.jpg,Crib Bumpers Recalled Due to Violation of Federal Crib Bumper Ban; Suffocation Hazard; Sold by Meiling Hou (Recall Alert,contact-sheet review
https://www.cpsc.gov/s3fs-public/RecalledpaddedcribbumpersNO2.jpg,crib_bumper,cpsc,cpsc:https://www.cpsc.gov/s3fs-public/RecalledpaddedcribbumpersNO2.jpg,Crib Bumpers Recalled Due to Violation of Federal Crib Bumper Ban; Suffocation Hazard; Sold by Meiling Hou (Recall Alert,contact-sheet review
https://www.cpsc.gov/s3fs-public/SARO-1.png,crib_bumper,cpsc,cpsc:https://www.cpsc.gov/s3fs-public/SARO-1.png,The Kalencom Corporation Recalls SARO Braided Crib Bumpers Due to Risk of Serious Injury or Death from Suffocation; Viol,contact-sheet review
https://www.cpsc.gov/s3fs-public/SARO-2.png,crib_bumper,cpsc,cpsc:https://www.cpsc.gov/s3fs-public/SARO-2.png,The Kalencom Corporation Recalls SARO Braided Crib Bumpers Due to Risk of Serious Injury or Death from Suffocation; Viol,contact-sheet review
https://www.cpsc.gov/s3fs-public/aug-1.jpg,crib_bumper,cpsc,cpsc:https://www.cpsc.gov/s3fs-public/aug-1.jpg,AUGNORYE Padded Crib Bumpers Recalled Due to Risk of Serious Injury or Death from Suffocation; Violates Federal Crib Bum,contact-sheet review
https://www.cpsc.gov/s3fs-public/bumper-clouds.png,crib_bumper,cpsc,cpsc:https://www.cpsc.gov/s3fs-public/bumper-clouds.png,Crib Bumpers Recalled Due to Suffocation Hazard; Violation of Federal Crib Bumper Ban; Sold by Henan Ouchang Trading and,contact-sheet review
https://www.cpsc.gov/s3fs-public/bumper-light-pink.JPG,crib_bumper,cpsc,cpsc:https://www.cpsc.gov/s3fs-public/bumper-light-pink.JPG,Crib Bumpers Recalled Due to Suffocation Hazard; Violation of Federal Crib Bumper Ban; Sold by Henan Ouchang Trading and,contact-sheet review
https://www.cpsc.gov/s3fs-public/bumper-teddy-bear.png,crib_bumper,cpsc,cpsc:https://www.cpsc.gov/s3fs-public/bumper-teddy-bear.png,Crib Bumpers Recalled Due to Suffocation Hazard; Violation of Federal Crib Bumper Ban; Sold by Henan Ouchang Trading and,contact-sheet review
https://www.cpsc.gov/s3fs-public/bumper-white.JPG,crib_bumper,cpsc,cpsc:https://www.cpsc.gov/s3fs-public/bumper-white.JPG,Crib Bumpers Recalled Due to Suffocation Hazard; Violation of Federal Crib Bumper Ban; Sold by Henan Ouchang Trading and,contact-sheet review
https://www.cpsc.gov/s3fs-public/crib-bumper.png,crib_bumper,cpsc,cpsc:https://www.cpsc.gov/s3fs-public/crib-bumper.png,Love Our Home Braided Crib Bumpers Recalled Due to Risk of Serious Injury or Death from Suffocation Hazard; Violation of,contact-sheet review
https://www.cpsc.gov/s3fs-public/cribB-1.png,crib_bumper,cpsc,cpsc:https://www.cpsc.gov/s3fs-public/cribB-1.png,Braided Crib Bumpers Recalled Due to Risk of Serious Injury or Death from Suffocation; Violates Federal Crib Bumper Ban;,contact-sheet review
https://www.cpsc.gov/s3fs-public/cribB-2.jpg,crib_bumper,cpsc,cpsc:https://www.cpsc.gov/s3fs-public/cribB-2.jpg,Braided Crib Bumpers Recalled Due to Risk of Serious Injury or Death from Suffocation; Violates Federal Crib Bumper Ban;,contact-sheet review
https://www.cpsc.gov/s3fs-public/image003_0.jpg,crib_bumper,cpsc,cpsc:https://www.cpsc.gov/s3fs-public/image003_0.jpg,Zazaba International Recalls Grão de Gente Crib Bumpers Due to Suffocation Hazard; Violation of Federal Crib Bumper Ban;,contact-sheet review
https://www.cpsc.gov/s3fs-public/image005.jpg,crib_bumper,cpsc,cpsc:https://www.cpsc.gov/s3fs-public/image005.jpg,Zazaba International Recalls Grão de Gente Crib Bumpers Due to Suffocation Hazard; Violation of Federal Crib Bumper Ban;,contact-sheet review
https://www.cpsc.gov/s3fs-public/image007.jpg,crib_bumper,cpsc,cpsc:https://www.cpsc.gov/s3fs-public/image007.jpg,Zazaba International Recalls Grão de Gente Crib Bumpers Due to Suffocation Hazard; Violation of Federal Crib Bumper Ban;,contact-sheet review
https://www.cpsc.gov/s3fs-public/image009.jpg,crib_bumper,cpsc,cpsc:https://www.cpsc.gov/s3fs-public/image009.jpg,Zazaba International Recalls Grão de Gente Crib Bumpers Due to Suffocation Hazard; Violation of Federal Crib Bumper Ban;,contact-sheet review
https://www.cpsc.gov/s3fs-public/image011.jpg,crib_bumper,cpsc,cpsc:https://www.cpsc.gov/s3fs-public/image011.jpg,Zazaba International Recalls Grão de Gente Crib Bumpers Due to Suffocation Hazard; Violation of Federal Crib Bumper Ban;,contact-sheet review
https://www.cpsc.gov/s3fs-public/image013.jpg,crib_bumper,cpsc,cpsc:https://www.cpsc.gov/s3fs-public/image013.jpg,Zazaba International Recalls Grão de Gente Crib Bumpers Due to Suffocation Hazard; Violation of Federal Crib Bumper Ban;,contact-sheet review
https://www.cpsc.gov/s3fs-public/image015.jpg,crib_bumper,cpsc,cpsc:https://www.cpsc.gov/s3fs-public/image015.jpg,Zazaba International Recalls Grão de Gente Crib Bumpers Due to Suffocation Hazard; Violation of Federal Crib Bumper Ban;,contact-sheet review
https://www.cpsc.gov/s3fs-public/image017.jpg,crib_bumper,cpsc,cpsc:https://www.cpsc.gov/s3fs-public/image017.jpg,Zazaba International Recalls Grão de Gente Crib Bumpers Due to Suffocation Hazard; Violation of Federal Crib Bumper Ban;,contact-sheet review
https://www.cpsc.gov/s3fs-public/image019.jpg,crib_bumper,cpsc,cpsc:https://www.cpsc.gov/s3fs-public/image019.jpg,Zazaba International Recalls Grão de Gente Crib Bumpers Due to Suffocation Hazard; Violation of Federal Crib Bumper Ban;,contact-sheet review
https://www.cpsc.gov/s3fs-public/image021.jpg,crib_bumper,cpsc,cpsc:https://www.cpsc.gov/s3fs-public/image021.jpg,Zazaba International Recalls Grão de Gente Crib Bumpers Due to Suffocation Hazard; Violation of Federal Crib Bumper Ban;,contact-sheet review
https://www.cpsc.gov/s3fs-public/image023.jpg,crib_bumper,cpsc,cpsc:https://www.cpsc.gov/s3fs-public/image023.jpg,Zazaba International Recalls Grão de Gente Crib Bumpers Due to Suffocation Hazard; Violation of Federal Crib Bumper Ban;,contact-sheet review
https://www.cpsc.gov/s3fs-public/image025.png,crib_bumper,cpsc,cpsc:https://www.cpsc.gov/s3fs-public/image025.png,Zazaba International Recalls Grão de Gente Crib Bumpers Due to Suffocation Hazard; Violation of Federal Crib Bumper Ban;,contact-sheet review
https://www.cpsc.gov/s3fs-public/image026.jpg,crib_bumper,cpsc,cpsc:https://www.cpsc.gov/s3fs-public/image026.jpg,Zazaba International Recalls Grão de Gente Crib Bumpers Due to Suffocation Hazard; Violation of Federal Crib Bumper Ban;,contact-sheet review
https://www.cpsc.gov/s3fs-public/image028.jpg,crib_bumper,cpsc,cpsc:https://www.cpsc.gov/s3fs-public/image028.jpg,Zazaba International Recalls Grão de Gente Crib Bumpers Due to Suffocation Hazard; Violation of Federal Crib Bumper Ban;,contact-sheet review
https://www.cpsc.gov/s3fs-public/image030.jpg,crib_bumper,cpsc,cpsc:https://www.cpsc.gov/s3fs-public/image030.jpg,Zazaba International Recalls Grão de Gente Crib Bumpers Due to Suffocation Hazard; Violation of Federal Crib Bumper Ban;,contact-sheet review
https://www.cpsc.gov/s3fs-public/image031.jpg,crib_bumper,cpsc,cpsc:https://www.cpsc.gov/s3fs-public/image031.jpg,Zazaba International Recalls Grão de Gente Crib Bumpers Due to Suffocation Hazard; Violation of Federal Crib Bumper Ban;,contact-sheet review
https://www.cpsc.gov/s3fs-public/image033.jpg,crib_bumper,cpsc,cpsc:https://www.cpsc.gov/s3fs-public/image033.jpg,Zazaba International Recalls Grão de Gente Crib Bumpers Due to Suffocation Hazard; Violation of Federal Crib Bumper Ban;,contact-sheet review
https://www.cpsc.gov/s3fs-public/image035.jpg,crib_bumper,cpsc,cpsc:https://www.cpsc.gov/s3fs-public/image035.jpg,Zazaba International Recalls Grão de Gente Crib Bumpers Due to Suffocation Hazard; Violation of Federal Crib Bumper Ban;,contact-sheet review
https://www.cpsc.gov/s3fs-public/image037.jpg,crib_bumper,cpsc,cpsc:https://www.cpsc.gov/s3fs-public/image037.jpg,Zazaba International Recalls Grão de Gente Crib Bumpers Due to Suffocation Hazard; Violation of Federal Crib Bumper Ban;,contact-sheet review
https://www.cpsc.gov/s3fs-public/image039.jpg,crib_bumper,cpsc,cpsc:https://www.cpsc.gov/s3fs-public/image039.jpg,Zazaba International Recalls Grão de Gente Crib Bumpers Due to Suffocation Hazard; Violation of Federal Crib Bumper Ban;,contact-sheet review
https://www.cpsc.gov/s3fs-public/image041.jpg,crib_bumper,cpsc,cpsc:https://www.cpsc.gov/s3fs-public/image041.jpg,Zazaba International Recalls Grão de Gente Crib Bumpers Due to Suffocation Hazard; Violation of Federal Crib Bumper Ban;,contact-sheet review
https://www.cpsc.gov/s3fs-public/image043.jpg,crib_bumper,cpsc,cpsc:https://www.cpsc.gov/s3fs-public/image043.jpg,Zazaba International Recalls Grão de Gente Crib Bumpers Due to Suffocation Hazard; Violation of Federal Crib Bumper Ban;,contact-sheet review
https://www.cpsc.gov/s3fs-public/image044.jpg,crib_bumper,cpsc,cpsc:https://www.cpsc.gov/s3fs-public/image044.jpg,Zazaba International Recalls Grão de Gente Crib Bumpers Due to Suffocation Hazard; Violation of Federal Crib Bumper Ban;,contact-sheet review
https://www.cpsc.gov/s3fs-public/image046.jpg,crib_bumper,cpsc,cpsc:https://www.cpsc.gov/s3fs-public/image046.jpg,Zazaba International Recalls Grão de Gente Crib Bumpers Due to Suffocation Hazard; Violation of Federal Crib Bumper Ban;,contact-sheet review
https://www.cpsc.gov/s3fs-public/image048.jpg,crib_bumper,cpsc,cpsc:https://www.cpsc.gov/s3fs-public/image048.jpg,Zazaba International Recalls Grão de Gente Crib Bumpers Due to Suffocation Hazard; Violation of Federal Crib Bumper Ban;,contact-sheet review
https://www.cpsc.gov/s3fs-public/image050.jpg,crib_bumper,cpsc,cpsc:https://www.cpsc.gov/s3fs-public/image050.jpg,Zazaba International Recalls Grão de Gente Crib Bumpers Due to Suffocation Hazard; Violation of Federal Crib Bumper Ban;,contact-sheet review
https://www.cpsc.gov/s3fs-public/image052.jpg,crib_bumper,cpsc,cpsc:https://www.cpsc.gov/s3fs-public/image052.jpg,Zazaba International Recalls Grão de Gente Crib Bumpers Due to Suffocation Hazard; Violation of Federal Crib Bumper Ban;,contact-sheet review
https://www.cpsc.gov/s3fs-public/image053.jpg,crib_bumper,cpsc,cpsc:https://www.cpsc.gov/s3fs-public/image053.jpg,Zazaba International Recalls Grão de Gente Crib Bumpers Due to Suffocation Hazard; Violation of Federal Crib Bumper Ban;,contact-sheet review
https://www.cpsc.gov/s3fs-public/image055.jpg,crib_bumper,cpsc,cpsc:https://www.cpsc.gov/s3fs-public/image055.jpg,Zazaba International Recalls Grão de Gente Crib Bumpers Due to Suffocation Hazard; Violation of Federal Crib Bumper Ban;,contact-sheet review
https://www.cpsc.gov/s3fs-public/image057.jpg,crib_bumper,cpsc,cpsc:https://www.cpsc.gov/s3fs-public/image057.jpg,Zazaba International Recalls Grão de Gente Crib Bumpers Due to Suffocation Hazard; Violation of Federal Crib Bumper Ban;,contact-sheet review
https://www.cpsc.gov/s3fs-public/image059.jpg,crib_bumper,cpsc,cpsc:https://www.cpsc.gov/s3fs-public/image059.jpg,Zazaba International Recalls Grão de Gente Crib Bumpers Due to Suffocation Hazard; Violation of Federal Crib Bumper Ban;,contact-sheet review
https://www.cpsc.gov/s3fs-public/image061.jpg,crib_bumper,cpsc,cpsc:https://www.cpsc.gov/s3fs-public/image061.jpg,Zazaba International Recalls Grão de Gente Crib Bumpers Due to Suffocation Hazard; Violation of Federal Crib Bumper Ban;,contact-sheet review
https://www.cpsc.gov/s3fs-public/pic1_22.jpg,crib_bumper,cpsc,cpsc:https://www.cpsc.gov/s3fs-public/pic1_22.jpg,Tobi Recalls Babynest Crib Bumpers Due to Strangulation Hazard; Sold Exclusively Online at babybay.us (Recall Alert),contact-sheet review
https://www.cpsc.gov/~/link/92b3f6f8f3424279a7fbda29dcefd47b.jpg,crib_bumper,cpsc,cpsc:https://www.cpsc.gov/~/link/92b3f6f8f3424279a7fbda29dcefd47b.jpg,Pottery Barn Kids Recalls Crib Bumpers Due to Entanglement Hazard,contact-sheet review
https://www.cpsc.gov/~/link/b9d2abcaec7549678a2296fbc06d89d6.jpg,crib_bumper,cpsc,cpsc:https://www.cpsc.gov/~/link/b9d2abcaec7549678a2296fbc06d89d6.jpg,Pottery Barn Kids Recalls Crib Bumpers Due to Entanglement Hazard,contact-sheet review
https://i.ebayimg.com/images/g/BG4AAeSwkNxqgME4/s-l500.webp,drop_side_crib,ebay,ebay:128029489420,Vintage Wooden and mesh drop side Baby Doll Crib / Cot Bed by Stirling,contact-sheet review
https://i.ebayimg.com/images/g/D8YAAOSwrjNkLMq~/s-l500.webp,drop_side_crib,ebay,ebay:204295482067,Vintage Wooden drop side Baby Doll Crib Bed caster wheels,contact-sheet review
https://i.ebayimg.com/images/g/GxkAAeSwM2lqiIgL/s-l500.webp,drop_side_crib,ebay,ebay:800546236055,Vintage Wooden Baby Doll Crib 1950s Drop Side Toy Bed Red Teal Colorful Slats,contact-sheet review
https://i.ebayimg.com/images/g/HzUAAeSwG3xqB7pQ/s-l500.webp,drop_side_crib,ebay,ebay:377187474054,NK Medical Products Inc. 9687 Pediatrics Medical Crib with Drop Side Rails,contact-sheet review
https://i.ebayimg.com/images/g/XrAAAOSwwRplFy71/s-l500.webp,drop_side_crib,ebay,ebay:188454554051,Vintage Working Wood Drop Side Baby Doll / Pet Crib Bed with Caster Wheels,contact-sheet review
https://i.ebayimg.com/images/g/w7wAAeSw3d1pREM1/s-l500.webp,drop_side_crib,ebay,ebay:298650759891,Vintage Wooden drop side Baby Doll Crib Bed Read Description!!!!,contact-sheet review
https://i.ebayimg.com/images/g/x8UAAeSwyedqdNCe/s-l500.webp,drop_side_crib,ebay,ebay:327298234743,Vintage Wooden Doll Crib Drop Side Bed w/ wheels 1940s 1950s,contact-sheet review
https://www.cpsc.gov/s3fs-public/LaJobi-crib.jpg,drop_side_crib,cpsc,cpsc:https://www.cpsc.gov/s3fs-public/LaJobi-crib.jpg,"CPSC, Babi Italia/LaJobi Industries Announce Recall to Replace ""Tiffany"" and ""Josephine"" Crib Drop-Side Rails",contact-sheet review
https://www.cpsc.gov/s3fs-public/Recall.2011.11005.11005a.jpg,drop_side_crib,cpsc,cpsc:https://www.cpsc.gov/s3fs-public/Recall.2011.11005.11005a.jpg,"Alexander Designs Brand Drop-Side Cribs Sold Exclusively at JCPenney Recalled for Repair Due to Entrapment, Suffocation ",contact-sheet review
https://www.cpsc.gov/s3fs-public/Recall.2011.11005.11005b.jpg,drop_side_crib,cpsc,cpsc:https://www.cpsc.gov/s3fs-public/Recall.2011.11005.11005b.jpg,"Alexander Designs Brand Drop-Side Cribs Sold Exclusively at JCPenney Recalled for Repair Due to Entrapment, Suffocation ",contact-sheet review
https://www.cpsc.gov/s3fs-public/Recall.2011.11005.11005c.jpg,drop_side_crib,cpsc,cpsc:https://www.cpsc.gov/s3fs-public/Recall.2011.11005.11005c.jpg,"Alexander Designs Brand Drop-Side Cribs Sold Exclusively at JCPenney Recalled for Repair Due to Entrapment, Suffocation ",contact-sheet review
https://www.cpsc.gov/s3fs-public/Recall.2011.11018.11018.jpg,drop_side_crib,cpsc,cpsc:https://www.cpsc.gov/s3fs-public/Recall.2011.11018.11018.jpg,"Ethan Allen Recalls to Repair Drop-Side Cribs Due to Entrapment, Suffocation and Fall Hazards",contact-sheet review
https://www.cpsc.gov/s3fs-public/Recall.2011.11019.11019a.jpg,drop_side_crib,cpsc,cpsc:https://www.cpsc.gov/s3fs-public/Recall.2011.11019.11019a.jpg,"Angel Line Recalls to Repair Longwood Forest Drop-Side Cribs Due to Entrapment, Suffocation and Fall Hazards",contact-sheet review
https://www.cpsc.gov/s3fs-public/Recall.2011.11019.11019b.jpg,drop_side_crib,cpsc,cpsc:https://www.cpsc.gov/s3fs-public/Recall.2011.11019.11019b.jpg,"Angel Line Recalls to Repair Longwood Forest Drop-Side Cribs Due to Entrapment, Suffocation and Fall Hazards",contact-sheet review
https://www.cpsc.gov/s3fs-public/Recall.2011.11048.11048a.jpg,drop_side_crib,cpsc,cpsc:https://www.cpsc.gov/s3fs-public/Recall.2011.11048.11048a.jpg,"Bassettbaby Recalls to Repair Drop-Side Cribs Due to Entrapment, Suffocation and Fall Hazards",contact-sheet review
https://www.cpsc.gov/s3fs-public/Recall.2011.11048.11048b.jpg,drop_side_crib,cpsc,cpsc:https://www.cpsc.gov/s3fs-public/Recall.2011.11048.11048b.jpg,"Bassettbaby Recalls to Repair Drop-Side Cribs Due to Entrapment, Suffocation and Fall Hazards",contact-sheet review
https://www.cpsc.gov/s3fs-public/Recall.2011.11224.11224a.jpg,drop_side_crib,cpsc,cpsc:https://www.cpsc.gov/s3fs-public/Recall.2011.11224.11224a.jpg,"Dream on Me Recalls Drop-Side Cribs Due to Entrapment, Suffocation, Laceration, and Fall Hazards",contact-sheet review
https://www.cpsc.gov/s3fs-public/Recall.2011.11224.11224b.jpg,drop_side_crib,cpsc,cpsc:https://www.cpsc.gov/s3fs-public/Recall.2011.11224.11224b.jpg,"Dream on Me Recalls Drop-Side Cribs Due to Entrapment, Suffocation, Laceration, and Fall Hazards",contact-sheet review
https://www.cpsc.gov/s3fs-public/Recall.2011.11343.11343a.jpg,drop_side_crib,cpsc,cpsc:https://www.cpsc.gov/s3fs-public/Recall.2011.11343.11343a.jpg,"Shermag Recalls to Repair Drop-Side Cribs Due to Entrapment, Suffocation and Fall Hazards",contact-sheet review
https://www.cpsc.gov/s3fs-public/Recall.2011.11343.11343b.jpg,drop_side_crib,cpsc,cpsc:https://www.cpsc.gov/s3fs-public/Recall.2011.11343.11343b.jpg,"Shermag Recalls to Repair Drop-Side Cribs Due to Entrapment, Suffocation and Fall Hazards",contact-sheet review
https://www.cpsc.gov/s3fs-public/Recall.2011.11343.11343c.jpg,drop_side_crib,cpsc,cpsc:https://www.cpsc.gov/s3fs-public/Recall.2011.11343.11343c.jpg,"Shermag Recalls to Repair Drop-Side Cribs Due to Entrapment, Suffocation and Fall Hazards",contact-sheet review
https://www.cpsc.gov/s3fs-public/Recall.2012.12003.12003a.jpg,drop_side_crib,cpsc,cpsc:https://www.cpsc.gov/s3fs-public/Recall.2012.12003.12003a.jpg,Yu Wei Recalls Drop-Side Cribs Sold Exclusively at jcpenney Due to Entrapment and Suffocation Hazards,contact-sheet review
https://www.cpsc.gov/s3fs-public/Recall.2012.12003.12003b.jpg,drop_side_crib,cpsc,cpsc:https://www.cpsc.gov/s3fs-public/Recall.2012.12003.12003b.jpg,Yu Wei Recalls Drop-Side Cribs Sold Exclusively at jcpenney Due to Entrapment and Suffocation Hazards,contact-sheet review
https://www.cpsc.gov/s3fs-public/Recall.2012.12032.12032b.jpg,drop_side_crib,cpsc,cpsc:https://www.cpsc.gov/s3fs-public/Recall.2012.12032.12032b.jpg,Dutailier Group Recalls Drop-Side Cribs Due to Entrapment and Fall Hazards,contact-sheet review
https://www.cpsc.gov/s3fs-public/Recall.2012.12032.12032c.jpg,drop_side_crib,cpsc,cpsc:https://www.cpsc.gov/s3fs-public/Recall.2012.12032.12032c.jpg,Dutailier Group Recalls Drop-Side Cribs Due to Entrapment and Fall Hazards,contact-sheet review
https://www.cpsc.gov/s3fs-public/Recall.2012.12032.12032d.jpg,drop_side_crib,cpsc,cpsc:https://www.cpsc.gov/s3fs-public/Recall.2012.12032.12032d.jpg,Dutailier Group Recalls Drop-Side Cribs Due to Entrapment and Fall Hazards,contact-sheet review
https://www.cpsc.gov/s3fs-public/Recall.2012.12032.12032e.jpg,drop_side_crib,cpsc,cpsc:https://www.cpsc.gov/s3fs-public/Recall.2012.12032.12032e.jpg,Dutailier Group Recalls Drop-Side Cribs Due to Entrapment and Fall Hazards,contact-sheet review
https://www.cpsc.gov/s3fs-public/Recall.2012.12032.12032f.jpg,drop_side_crib,cpsc,cpsc:https://www.cpsc.gov/s3fs-public/Recall.2012.12032.12032f.jpg,Dutailier Group Recalls Drop-Side Cribs Due to Entrapment and Fall Hazards,contact-sheet review
https://www.cpsc.gov/s3fs-public/Recall.2012.12032.12032g.jpg,drop_side_crib,cpsc,cpsc:https://www.cpsc.gov/s3fs-public/Recall.2012.12032.12032g.jpg,Dutailier Group Recalls Drop-Side Cribs Due to Entrapment and Fall Hazards,contact-sheet review
https://www.cpsc.gov/s3fs-public/Recall.2012.12032.12032h.jpg,drop_side_crib,cpsc,cpsc:https://www.cpsc.gov/s3fs-public/Recall.2012.12032.12032h.jpg,Dutailier Group Recalls Drop-Side Cribs Due to Entrapment and Fall Hazards,contact-sheet review
https://www.cpsc.gov/s3fs-public/Recall.2012.12032.12032i.jpg,drop_side_crib,cpsc,cpsc:https://www.cpsc.gov/s3fs-public/Recall.2012.12032.12032i.jpg,Dutailier Group Recalls Drop-Side Cribs Due to Entrapment and Fall Hazards,contact-sheet review
https://www.cpsc.gov/s3fs-public/Recall.2012.12148.12148a.jpg,drop_side_crib,cpsc,cpsc:https://www.cpsc.gov/s3fs-public/Recall.2012.12148.12148a.jpg,"Nan Far Woodworking Recalls to Repair Drop-Side Cribs Due to Entrapment, Suffocation and Fall Hazards; Sold Exclusively ",contact-sheet review
https://www.cpsc.gov/s3fs-public/Recall.2012.12148.12148b.jpg,drop_side_crib,cpsc,cpsc:https://www.cpsc.gov/s3fs-public/Recall.2012.12148.12148b.jpg,"Nan Far Woodworking Recalls to Repair Drop-Side Cribs Due to Entrapment, Suffocation and Fall Hazards; Sold Exclusively ",contact-sheet review
https://www.cpsc.gov/s3fs-public/Recall.2012.12148.12148c.jpg,drop_side_crib,cpsc,cpsc:https://www.cpsc.gov/s3fs-public/Recall.2012.12148.12148c.jpg,"Nan Far Woodworking Recalls to Repair Drop-Side Cribs Due to Entrapment, Suffocation and Fall Hazards; Sold Exclusively ",contact-sheet review
https://www.cpsc.gov/s3fs-public/Recall.2012.12148.12148d.jpg,drop_side_crib,cpsc,cpsc:https://www.cpsc.gov/s3fs-public/Recall.2012.12148.12148d.jpg,"Nan Far Woodworking Recalls to Repair Drop-Side Cribs Due to Entrapment, Suffocation and Fall Hazards; Sold Exclusively ",contact-sheet review
https://www.cpsc.gov/s3fs-public/Recall.2012.12148.12148e.jpg,drop_side_crib,cpsc,cpsc:https://www.cpsc.gov/s3fs-public/Recall.2012.12148.12148e.jpg,"Nan Far Woodworking Recalls to Repair Drop-Side Cribs Due to Entrapment, Suffocation and Fall Hazards; Sold Exclusively ",contact-sheet review
https://www.cpsc.gov/s3fs-public/Recall.2012.12148.12148f.jpg,drop_side_crib,cpsc,cpsc:https://www.cpsc.gov/s3fs-public/Recall.2012.12148.12148f.jpg,"Nan Far Woodworking Recalls to Repair Drop-Side Cribs Due to Entrapment, Suffocation and Fall Hazards; Sold Exclusively ",contact-sheet review
https://www.cpsc.gov/s3fs-public/Recall.2013.13151a.jpg,drop_side_crib,cpsc,cpsc:https://www.cpsc.gov/s3fs-public/Recall.2013.13151a.jpg,PT Domusindo Perdana Recalls Drop-Side Cribs Due to Entrapment and Suffocation Hazards; Sold Exclusively at JC Penney,contact-sheet review
https://www.cpsc.gov/s3fs-public/Recall.2013.13151c.jpg,drop_side_crib,cpsc,cpsc:https://www.cpsc.gov/s3fs-public/Recall.2013.13151c.jpg,PT Domusindo Perdana Recalls Drop-Side Cribs Due to Entrapment and Suffocation Hazards; Sold Exclusively at JC Penney,contact-sheet review
https://www.cpsc.gov/s3fs-public/delta1.jpeg,drop_side_crib,cpsc,cpsc:https://www.cpsc.gov/s3fs-public/delta1.jpeg,"Second Infant Death Prompts Re-Announcement of Delta Enterprise ""Safety Peg"" Drop-Side Crib Recall",contact-sheet review
https://www.cpsc.gov/s3fs-public/heritage-crib-1.jpg,drop_side_crib,cpsc,cpsc:https://www.cpsc.gov/s3fs-public/heritage-crib-1.jpg,"Victory Land Group Recalls to Repair Drop-Side Cribs Sold Exclusively at Kmart Due to Entrapment, Suffocation and Fall H",contact-sheet review
https://www.cpsc.gov/s3fs-public/heritage-crib-2.jpg,drop_side_crib,cpsc,cpsc:https://www.cpsc.gov/s3fs-public/heritage-crib-2.jpg,"Victory Land Group Recalls to Repair Drop-Side Cribs Sold Exclusively at Kmart Due to Entrapment, Suffocation and Fall H",contact-sheet review
https://www.cpsc.gov/~/link/0055bec113564443a957a160df836b6a.jpg,drop_side_crib,cpsc,cpsc:https://www.cpsc.gov/~/link/0055bec113564443a957a160df836b6a.jpg,Graco-Branded Drop Side Cribs Made by LaJobi Recalled Due to Entrapment and Suffocation Hazards,contact-sheet review
https://www.cpsc.gov/~/link/00a63a47f0d8447ca01fa6fdb61bf62c.jpg,drop_side_crib,cpsc,cpsc:https://www.cpsc.gov/~/link/00a63a47f0d8447ca01fa6fdb61bf62c.jpg,C&T International/Sorelle Recalls Cribs Due to Strangulation and Suffocation Hazards,contact-sheet review
https://www.cpsc.gov/~/link/057a36e9b456446d8792d903be69d9ab.jpg,drop_side_crib,cpsc,cpsc:https://www.cpsc.gov/~/link/057a36e9b456446d8792d903be69d9ab.jpg,C&T International/Sorelle Recalls Cribs Due to Strangulation and Suffocation Hazards,contact-sheet review
https://www.cpsc.gov/~/link/11dc23d26e114ed3b718f85b91e2a5aa.jpg,drop_side_crib,cpsc,cpsc:https://www.cpsc.gov/~/link/11dc23d26e114ed3b718f85b91e2a5aa.jpg,Graco-Branded Drop Side Cribs Made by LaJobi Recalled Due to Entrapment and Suffocation Hazards,contact-sheet review
https://www.cpsc.gov/~/link/1315e6d43f284d27b1153066b8f88c0d.jpg,drop_side_crib,cpsc,cpsc:https://www.cpsc.gov/~/link/1315e6d43f284d27b1153066b8f88c0d.jpg,C&T International/Sorelle Recalls Cribs Due to Strangulation and Suffocation Hazards,contact-sheet review
https://www.cpsc.gov/~/link/163d2a358213428cb7bff197f5ae3f90.jpg,drop_side_crib,cpsc,cpsc:https://www.cpsc.gov/~/link/163d2a358213428cb7bff197f5ae3f90.jpg,Simplicity Drop Side Cribs Recalled by Retailers Due to Risk of Death from Suffocation,contact-sheet review
https://www.cpsc.gov/~/link/18c2cefd1dfd46c0ba7d2816c93cf2f2.jpg,drop_side_crib,cpsc,cpsc:https://www.cpsc.gov/~/link/18c2cefd1dfd46c0ba7d2816c93cf2f2.jpg,C&T International/Sorelle Recalls Cribs Due to Strangulation and Suffocation Hazards,contact-sheet review
https://www.cpsc.gov/~/link/210348104d1643d2a018e590b539b8cc.jpg,drop_side_crib,cpsc,cpsc:https://www.cpsc.gov/~/link/210348104d1643d2a018e590b539b8cc.jpg,C&T International/Sorelle Recalls Cribs Due to Strangulation and Suffocation Hazards,contact-sheet review
https://www.cpsc.gov/~/link/3ee3af2fd46c449e863acd9abaffa874.jpg,drop_side_crib,cpsc,cpsc:https://www.cpsc.gov/~/link/3ee3af2fd46c449e863acd9abaffa874.jpg,Graco-Branded Drop Side Cribs Made by LaJobi Recalled Due to Entrapment and Suffocation Hazards,contact-sheet review
https://www.cpsc.gov/~/link/43232ee5264446a99fda55ae2ce804e7.jpg,drop_side_crib,cpsc,cpsc:https://www.cpsc.gov/~/link/43232ee5264446a99fda55ae2ce804e7.jpg,C&T International/Sorelle Recalls Cribs Due to Strangulation and Suffocation Hazards,contact-sheet review
https://www.cpsc.gov/~/link/4434615937ce44dcb9c72c8111ccc227.jpg,drop_side_crib,cpsc,cpsc:https://www.cpsc.gov/~/link/4434615937ce44dcb9c72c8111ccc227.jpg,C&T International/Sorelle Recalls Cribs Due to Strangulation and Suffocation Hazards,contact-sheet review
https://www.cpsc.gov/~/link/484e7cbe9f154bc889640004d0fd575f.jpg,drop_side_crib,cpsc,cpsc:https://www.cpsc.gov/~/link/484e7cbe9f154bc889640004d0fd575f.jpg,C&T International/Sorelle Recalls Cribs Due to Strangulation and Suffocation Hazards,contact-sheet review
https://www.cpsc.gov/~/link/5756e6b0945648e785d27780fb80892b.jpg,drop_side_crib,cpsc,cpsc:https://www.cpsc.gov/~/link/5756e6b0945648e785d27780fb80892b.jpg,C&T International/Sorelle Recalls Cribs Due to Strangulation and Suffocation Hazards,contact-sheet review
https://www.cpsc.gov/~/link/5be55e753a164e3ead7f6ec9e67694a7.jpg,drop_side_crib,cpsc,cpsc:https://www.cpsc.gov/~/link/5be55e753a164e3ead7f6ec9e67694a7.jpg,Graco-Branded Drop Side Cribs Made by LaJobi Recalled Due to Entrapment and Suffocation Hazards,contact-sheet review
https://www.cpsc.gov/~/link/5e6021d36697422b9c7d1b48664cbdd8.jpg,drop_side_crib,cpsc,cpsc:https://www.cpsc.gov/~/link/5e6021d36697422b9c7d1b48664cbdd8.jpg,C&T International/Sorelle Recalls Cribs Due to Strangulation and Suffocation Hazards,contact-sheet review
https://www.cpsc.gov/~/link/5f5bfc4daf7246eda9cf59c9c27ef014.jpg,drop_side_crib,cpsc,cpsc:https://www.cpsc.gov/~/link/5f5bfc4daf7246eda9cf59c9c27ef014.jpg,"Infant Death Prompts Recall To Repair 600,000 Drop Side Cribs By Delta Enterprise; Spring Peg Failure Can Cause Entrapme",contact-sheet review
https://www.cpsc.gov/~/link/6326bfd2ca5e4793b38f68c9c4c8ba60.jpg,drop_side_crib,cpsc,cpsc:https://www.cpsc.gov/~/link/6326bfd2ca5e4793b38f68c9c4c8ba60.jpg,C&T International/Sorelle Recalls Cribs Due to Strangulation and Suffocation Hazards,contact-sheet review
https://www.cpsc.gov/~/link/6ee5b4c295fd4c01808dfaba69d24ff1.jpg,drop_side_crib,cpsc,cpsc:https://www.cpsc.gov/~/link/6ee5b4c295fd4c01808dfaba69d24ff1.jpg,C&T International/Sorelle Recalls Cribs Due to Strangulation and Suffocation Hazards,contact-sheet review
https://www.cpsc.gov/~/link/7b190a085a904f32812b31f8737f9dfe.jpg,drop_side_crib,cpsc,cpsc:https://www.cpsc.gov/~/link/7b190a085a904f32812b31f8737f9dfe.jpg,C&T International/Sorelle Recalls Cribs Due to Strangulation and Suffocation Hazards,contact-sheet review
https://www.cpsc.gov/~/link/818ba618a13f4097b2aff250d0a2713d.jpg,drop_side_crib,cpsc,cpsc:https://www.cpsc.gov/~/link/818ba618a13f4097b2aff250d0a2713d.jpg,"Bexco Recalls to Repair Million Dollar Baby, Baby Mod and Da Vinci Brand Drop-Side Cribs Due to Entrapment, Suffocation ",contact-sheet review
https://www.cpsc.gov/~/link/8c8a1c5dabd248ed99439f4bf57e5137.jpg,drop_side_crib,cpsc,cpsc:https://www.cpsc.gov/~/link/8c8a1c5dabd248ed99439f4bf57e5137.jpg,C&T International/Sorelle Recalls Cribs Due to Strangulation and Suffocation Hazards,contact-sheet review
https://www.cpsc.gov/~/link/928f6e3fc4084fafb9cc47e352765da7.jpg,drop_side_crib,cpsc,cpsc:https://www.cpsc.gov/~/link/928f6e3fc4084fafb9cc47e352765da7.jpg,C&T International/Sorelle Recalls Cribs Due to Strangulation and Suffocation Hazards,contact-sheet review
https://www.cpsc.gov/~/link/962d6af21bc9493cb19bc089fdad95b6.jpg,drop_side_crib,cpsc,cpsc:https://www.cpsc.gov/~/link/962d6af21bc9493cb19bc089fdad95b6.jpg,"Pottery Barn Kids Recalls to Repair Drop-Side Cribs Due to Entrapment, Suffocation and Fall Hazards",contact-sheet review
https://www.cpsc.gov/~/link/9716f6fac0574b379a7fa068a19b9113.jpg,drop_side_crib,cpsc,cpsc:https://www.cpsc.gov/~/link/9716f6fac0574b379a7fa068a19b9113.jpg,"Bexco Recalls to Repair Million Dollar Baby, Baby Mod and Da Vinci Brand Drop-Side Cribs Due to Entrapment, Suffocation ",contact-sheet review
https://www.cpsc.gov/~/link/9807aa2f377a4796bf17fc51dc2ff247.jpg,drop_side_crib,cpsc,cpsc:https://www.cpsc.gov/~/link/9807aa2f377a4796bf17fc51dc2ff247.jpg,C&T International/Sorelle Recalls Cribs Due to Strangulation and Suffocation Hazards,contact-sheet review
https://www.cpsc.gov/~/link/9a0d5db3de1d4a8d85a9e35049137e7b.jpg,drop_side_crib,cpsc,cpsc:https://www.cpsc.gov/~/link/9a0d5db3de1d4a8d85a9e35049137e7b.jpg,"Infant Death Prompts Recall to Repair 985,000 Delta Enterprise Drop Side Cribs; Missing Safety Pegs Can Cause Entrapment",contact-sheet review
https://www.cpsc.gov/~/link/a44719e72ebe4d3f8ee6f5a5419a9f4e.jpg,drop_side_crib,cpsc,cpsc:https://www.cpsc.gov/~/link/a44719e72ebe4d3f8ee6f5a5419a9f4e.jpg,C&T International/Sorelle Recalls Cribs Due to Strangulation and Suffocation Hazards,contact-sheet review
https://www.cpsc.gov/~/link/a553a55789e74b689c275d05df5dfef5.jpg,drop_side_crib,cpsc,cpsc:https://www.cpsc.gov/~/link/a553a55789e74b689c275d05df5dfef5.jpg,C&T International/Sorelle Recalls Cribs Due to Strangulation and Suffocation Hazards,contact-sheet review
https://www.cpsc.gov/~/link/ad0e768444404825b5afe0d21ff52ed8.jpg,drop_side_crib,cpsc,cpsc:https://www.cpsc.gov/~/link/ad0e768444404825b5afe0d21ff52ed8.jpg,"Pottery Barn Kids Recalls to Repair Drop-Side Cribs Due to Entrapment, Suffocation and Fall Hazards",contact-sheet review
https://www.cpsc.gov/~/link/b0a23986e42b44f78bb869a71512c8a0.jpg,drop_side_crib,cpsc,cpsc:https://www.cpsc.gov/~/link/b0a23986e42b44f78bb869a71512c8a0.jpg,Graco-Branded Drop Side Cribs Made by LaJobi Recalled Due to Entrapment and Suffocation Hazards,contact-sheet review
https://www.cpsc.gov/~/link/b17a777eab2245ac8bfb6fbe14b849f5.jpg,drop_side_crib,cpsc,cpsc:https://www.cpsc.gov/~/link/b17a777eab2245ac8bfb6fbe14b849f5.jpg,Graco-Branded Drop Side Cribs Made by LaJobi Recalled Due to Entrapment and Suffocation Hazards,contact-sheet review
https://www.cpsc.gov/~/link/b50950bfbefe4926a562b6931a8319d2.jpg,drop_side_crib,cpsc,cpsc:https://www.cpsc.gov/~/link/b50950bfbefe4926a562b6931a8319d2.jpg,"Pottery Barn Kids Recalls to Repair Drop-Side Cribs Due to Entrapment, Suffocation and Fall Hazards",contact-sheet review
https://www.cpsc.gov/~/link/b6ff4cdeab84466bba2a5d1f99180c60.jpg,drop_side_crib,cpsc,cpsc:https://www.cpsc.gov/~/link/b6ff4cdeab84466bba2a5d1f99180c60.jpg,"LaJobi Recalls to Repair Bonavita, Babi Italia and ISSI Drop-Side Cribs Due to Entrapment, Suffocation and Fall Hazards",contact-sheet review
https://www.cpsc.gov/~/link/b714bb41c62a49f3aacdc8838f157e13.jpg,drop_side_crib,cpsc,cpsc:https://www.cpsc.gov/~/link/b714bb41c62a49f3aacdc8838f157e13.jpg,C&T International/Sorelle Recalls Cribs Due to Strangulation and Suffocation Hazards,contact-sheet review
https://www.cpsc.gov/~/link/b9afd6f261434cd79b6a1a3528983721.jpg,drop_side_crib,cpsc,cpsc:https://www.cpsc.gov/~/link/b9afd6f261434cd79b6a1a3528983721.jpg,Graco-Branded Drop Side Cribs Made by LaJobi Recalled Due to Entrapment and Suffocation Hazards,contact-sheet review
https://www.cpsc.gov/~/link/bc79091f2ebf49269f33e439565ccbaa.jpg,drop_side_crib,cpsc,cpsc:https://www.cpsc.gov/~/link/bc79091f2ebf49269f33e439565ccbaa.jpg,C&T International/Sorelle Recalls Cribs Due to Strangulation and Suffocation Hazards,contact-sheet review
https://www.cpsc.gov/~/link/bf290c660c7a4d6793b8b74eebd54338.jpg,drop_side_crib,cpsc,cpsc:https://www.cpsc.gov/~/link/bf290c660c7a4d6793b8b74eebd54338.jpg,Bassettbaby Drop-Side Cribs Recalled Due to Entrapment and Strangulation Hazard,contact-sheet review
https://www.cpsc.gov/~/link/c70b830b41c94e4a9b5b37eb5dc6c430.jpg,drop_side_crib,cpsc,cpsc:https://www.cpsc.gov/~/link/c70b830b41c94e4a9b5b37eb5dc6c430.jpg,C&T International/Sorelle Recalls Cribs Due to Strangulation and Suffocation Hazards,contact-sheet review
https://www.cpsc.gov/~/link/d9e60ef32ecc49148a5e2df0497add57.jpg,drop_side_crib,cpsc,cpsc:https://www.cpsc.gov/~/link/d9e60ef32ecc49148a5e2df0497add57.jpg,Graco-Branded Drop Side Cribs Made by LaJobi Recalled Due to Entrapment and Suffocation Hazards,contact-sheet review
https://www.cpsc.gov/~/link/dc0cbbb4778842cda24c9c2523815af8.jpg,drop_side_crib,cpsc,cpsc:https://www.cpsc.gov/~/link/dc0cbbb4778842cda24c9c2523815af8.jpg,C&T International/Sorelle Recalls Cribs Due to Strangulation and Suffocation Hazards,contact-sheet review
https://www.cpsc.gov/~/link/ec6112bd6dc647afb2ecc1156fe9251b.jpg,drop_side_crib,cpsc,cpsc:https://www.cpsc.gov/~/link/ec6112bd6dc647afb2ecc1156fe9251b.jpg,"Pottery Barn Kids Recalls to Repair Drop-Side Cribs Due to Entrapment, Suffocation and Fall Hazards",contact-sheet review
https://www.cpsc.gov/~/link/eebb3bdace4d4406b260459f8c4ca741.jpg,drop_side_crib,cpsc,cpsc:https://www.cpsc.gov/~/link/eebb3bdace4d4406b260459f8c4ca741.jpg,"Evenflo Recalls to Repair Drop-Side Cribs Due to Entrapment, Suffocation and Fall Hazards",contact-sheet review
https://www.cpsc.gov/~/link/f138fdebfde74ae19bd1e6b020382793.jpg,drop_side_crib,cpsc,cpsc:https://www.cpsc.gov/~/link/f138fdebfde74ae19bd1e6b020382793.jpg,"Evenflo Recalls to Repair Drop-Side Cribs Due to Entrapment, Suffocation and Fall Hazards",contact-sheet review
https://www.cpsc.gov/~/link/f20d7ec595744ce7b393a05ff586ec86.jpg,drop_side_crib,cpsc,cpsc:https://www.cpsc.gov/~/link/f20d7ec595744ce7b393a05ff586ec86.jpg,Graco-Branded Drop Side Cribs Made by LaJobi Recalled Due to Entrapment and Suffocation Hazards,contact-sheet review
https://www.cpsc.gov/~/link/f4015defab1b43bdb0a80b8e4e24e850.jpg,drop_side_crib,cpsc,cpsc:https://www.cpsc.gov/~/link/f4015defab1b43bdb0a80b8e4e24e850.jpg,C&T International/Sorelle Recalls Cribs Due to Strangulation and Suffocation Hazards,contact-sheet review
https://www.cpsc.gov/~/link/ffe5c1d522ce42348153da46febb193b.jpg,drop_side_crib,cpsc,cpsc:https://www.cpsc.gov/~/link/ffe5c1d522ce42348153da46febb193b.jpg,Simplicity Brand Drop Side Cribs Recalled By Various Retailers Due To Serious Entrapment And Suffocation Hazard To Infan,contact-sheet review
https://i.ebayimg.com/images/g/BgYAAeSw2aZqpV8m/s-l500.webp,inclined_or_inbed_sleeper,ebay,ebay:227518378179,Baby Lounger Newborns 024 Months Grey Infant Support Cushion Bedding Pillow,contact-sheet review
https://i.ebayimg.com/images/g/Z1sAAeSwtPhqXqok/s-l500.webp,inclined_or_inbed_sleeper,ebay,ebay:158307401919,Baby Delight Snuggle Nest Peak Portable Travel Sleeper,contact-sheet review
https://i.ebayimg.com/images/g/osgAAeSwoZtqtVMp/s-l500.webp,inclined_or_inbed_sleeper,ebay,ebay:287605984438,DockATot Deluxe+ Convertible Bedside Sleeper Portable White/Gray Marble,contact-sheet review
https://images.craigslist.org/00P0P_dxEiyDKalIX_0hw0nm_600x450.jpg,inclined_or_inbed_sleeper,craigslist,cl:7954913791,Dock a tot,contact-sheet review
https://www.cpsc.gov/s3fs-public/1-10283AM.png,inclined_or_inbed_sleeper,cpsc,cpsc:https://www.cpsc.gov/s3fs-public/1-10283AM.png,Graco Recalls Inclined Sleeper Accessory Included with Four Models of Playards to Prevent Risk of Suffocation,contact-sheet review
https://www.cpsc.gov/s3fs-public/1534_1.jpeg,inclined_or_inbed_sleeper,cpsc,cpsc:https://www.cpsc.gov/s3fs-public/1534_1.jpeg,Dorel Juvenile Group USA Recalls Inclined Sleepers Due to Safety Concerns About Inclined Sleep Products,contact-sheet review
https://www.cpsc.gov/s3fs-public/1534_2.jpeg,inclined_or_inbed_sleeper,cpsc,cpsc:https://www.cpsc.gov/s3fs-public/1534_2.jpeg,Dorel Juvenile Group USA Recalls Inclined Sleepers Due to Safety Concerns About Inclined Sleep Products,contact-sheet review
https://www.cpsc.gov/s3fs-public/2-102838AM.png,inclined_or_inbed_sleeper,cpsc,cpsc:https://www.cpsc.gov/s3fs-public/2-102838AM.png,Graco Recalls Inclined Sleeper Accessory Included with Four Models of Playards to Prevent Risk of Suffocation,contact-sheet review
https://www.cpsc.gov/s3fs-public/2_34.png,inclined_or_inbed_sleeper,cpsc,cpsc:https://www.cpsc.gov/s3fs-public/2_34.png,Evenflo Recalls Pillo Portable Napper Inclined Sleepers to Prevent Risk of Suffocation,contact-sheet review
https://www.cpsc.gov/s3fs-public/3-102845AM.png,inclined_or_inbed_sleeper,cpsc,cpsc:https://www.cpsc.gov/s3fs-public/3-102845AM.png,Graco Recalls Inclined Sleeper Accessory Included with Four Models of Playards to Prevent Risk of Suffocation,contact-sheet review
https://www.cpsc.gov/s3fs-public/4-102853AM.png,inclined_or_inbed_sleeper,cpsc,cpsc:https://www.cpsc.gov/s3fs-public/4-102853AM.png,Graco Recalls Inclined Sleeper Accessory Included with Four Models of Playards to Prevent Risk of Suffocation,contact-sheet review
https://www.cpsc.gov/s3fs-public/Fisher-Price Rock N Play_1.jpg,inclined_or_inbed_sleeper,cpsc,cpsc:https://www.cpsc.gov/s3fs-public/Fisher-Price Rock N Play_1.jpg,Fisher-Price Recalls Rock 'n Play Sleepers Due to Reports of Deaths,contact-sheet review
https://www.cpsc.gov/s3fs-public/PageFiles.137775.13087a_large.jpg,inclined_or_inbed_sleeper,cpsc,cpsc:https://www.cpsc.gov/s3fs-public/PageFiles.137775.13087a_large.jpg,Fisher-Price Recalls to Inspect Rock 'N Play Infant Sleepers Due to Risk of Exposure to Mold,contact-sheet review
https://www.cpsc.gov/s3fs-public/PageFiles.137777.13087b_large.jpg,inclined_or_inbed_sleeper,cpsc,cpsc:https://www.cpsc.gov/s3fs-public/PageFiles.137777.13087b_large.jpg,Fisher-Price Recalls to Inspect Rock 'N Play Infant Sleepers Due to Risk of Exposure to Mold,contact-sheet review
https://www.cpsc.gov/s3fs-public/RecalledRocknPlaySleeper.jpg,inclined_or_inbed_sleeper,cpsc,cpsc:https://www.cpsc.gov/s3fs-public/RecalledRocknPlaySleeper.jpg,Fisher-Price Reannounces Recall of 4.7 Million Rock 'n Play Sleepers; At Least Eight Deaths Occurred After Recall,contact-sheet review
https://www.cpsc.gov/s3fs-public/blounge-1.jpg,inclined_or_inbed_sleeper,cpsc,cpsc:https://www.cpsc.gov/s3fs-public/blounge-1.jpg,LXDHSTRA Baby Loungers and Crib Bumpers Recalled Due to Risk of Serious Injury or Death from Suffocation and Fall Hazard,contact-sheet review
https://www.cpsc.gov/s3fs-public/blounge-2.jpg,inclined_or_inbed_sleeper,cpsc,cpsc:https://www.cpsc.gov/s3fs-public/blounge-2.jpg,LXDHSTRA Baby Loungers and Crib Bumpers Recalled Due to Risk of Serious Injury or Death from Suffocation and Fall Hazard,contact-sheet review
https://www.cpsc.gov/s3fs-public/blounge-3.jpg,inclined_or_inbed_sleeper,cpsc,cpsc:https://www.cpsc.gov/s3fs-public/blounge-3.jpg,LXDHSTRA Baby Loungers and Crib Bumpers Recalled Due to Risk of Serious Injury or Death from Suffocation and Fall Hazard,contact-sheet review
https://www.cpsc.gov/s3fs-public/blounge-4.jpg,inclined_or_inbed_sleeper,cpsc,cpsc:https://www.cpsc.gov/s3fs-public/blounge-4.jpg,LXDHSTRA Baby Loungers and Crib Bumpers Recalled Due to Risk of Serious Injury or Death from Suffocation and Fall Hazard,contact-sheet review
https://www.cpsc.gov/s3fs-public/blounge-5.jpg,inclined_or_inbed_sleeper,cpsc,cpsc:https://www.cpsc.gov/s3fs-public/blounge-5.jpg,LXDHSTRA Baby Loungers and Crib Bumpers Recalled Due to Risk of Serious Injury or Death from Suffocation and Fall Hazard,contact-sheet review
https://www.cpsc.gov/s3fs-public/pic1_63.jpg,inclined_or_inbed_sleeper,cpsc,cpsc:https://www.cpsc.gov/s3fs-public/pic1_63.jpg,Kids II Recalls All Rocking Sleepers Due to Reports of Deaths,contact-sheet review
https://www.cpsc.gov/s3fs-public/pic1_97.png,inclined_or_inbed_sleeper,cpsc,cpsc:https://www.cpsc.gov/s3fs-public/pic1_97.png,"Kids2 Reannounces Recall of 694,000 Rocking Sleepers; Four Additional Deaths After Recall",contact-sheet review
https://www.cpsc.gov/s3fs-public/pic2_51.jpg,inclined_or_inbed_sleeper,cpsc,cpsc:https://www.cpsc.gov/s3fs-public/pic2_51.jpg,Kids II Recalls All Rocking Sleepers Due to Reports of Deaths,contact-sheet review
https://www.cpsc.gov/s3fs-public/pic2_82.png,inclined_or_inbed_sleeper,cpsc,cpsc:https://www.cpsc.gov/s3fs-public/pic2_82.png,"Kids2 Reannounces Recall of 694,000 Rocking Sleepers; Four Additional Deaths After Recall",contact-sheet review
https://i.ebayimg.com/images/g/-08AAeSwXOZoYC0E/s-l500.webp,other,ebay,ebay:256994509460,Baby Bassinet &bedside Sleeper Xy-1008,contact-sheet review
https://i.ebayimg.com/images/g/-6QAAeSwm6tqgJXZ/s-l500.webp,other,ebay,ebay:318734765860,Baby High Chair,contact-sheet review
https://i.ebayimg.com/images/g/-9AAAeSw9TBqrgcU/s-l500.webp,other,ebay,ebay:227528474905,"INFANS 8 in 1 Baby High Chair for Babies and Toddlers, Booster Seat",contact-sheet review
https://i.ebayimg.com/images/g/-GcAAeSwZZBqF3J7/s-l500.webp,other,ebay,ebay:178170602738,Vogue Sewing Pattern 1514 Crib Bedding Nursery Quilt Canopy Window Treatments,contact-sheet review
https://i.ebayimg.com/images/g/-yUAAeSwkxpopy6h/s-l500.webp,other,ebay,ebay:188886996967,USED Good Condition Graco Pack N Play Playard Portable Play Pen **PLAYPEN ONLY**,contact-sheet review
https://i.ebayimg.com/images/g/0TAAAeSwMCBqgSn6/s-l500.webp,other,ebay,ebay:158193096966,Inglesina Fast Table Chair Hook-On Portable High Chair Cream Beige,contact-sheet review
https://i.ebayimg.com/images/g/0mUAAeSwrdVpx6l9/s-l500.webp,other,ebay,ebay:136997254131,4-in-1 Adjustable Baby Bedside Sleeper w/Bassinet Mattress Changing Table Toys,contact-sheet review
https://i.ebayimg.com/images/g/1-AAAeSwKzJp~Pna/s-l500.webp,other,ebay,ebay:366394903825,"Bed Bumpers for Toddlers & Kids (2-Pack), Memory Foam Bed Rail for Adults, Bed E",contact-sheet review
https://i.ebayimg.com/images/g/1yAAAeSwPoZqfrRd/s-l500.webp,other,ebay,ebay:168612663911,"Baby Bedside Sleeper, 4-in-1 Rolling Bassinet for Boys Girls Infants, Grey",contact-sheet review
https://i.ebayimg.com/images/g/1~UAAOSwXtJmuOOb/s-l500.webp,other,ebay,ebay:276590283969,Graco Pack N Play Playard REPLACEMENT OWNERS MANUAL BOOKLET ISPPO46AE 11/06,contact-sheet review
https://i.ebayimg.com/images/g/2l0AAeSwy-Zql0PC/s-l500.webp,other,ebay,ebay:227501498852,ChooRose High Chair Cushion Mustard Yellow Crane Pattern Excellent,contact-sheet review
https://i.ebayimg.com/images/g/2lsAAOSwJiBoLUJ5/s-l500.webp,other,ebay,ebay:365616250835,Fisher Price Rock n' Snort Snail Pail 1999,contact-sheet review
https://i.ebayimg.com/images/g/2~AAAeSw8SBqrCMX/s-l500.webp,other,ebay,ebay:800676692133,Fisher-Price Rocktopus Musical Interactive Learning,contact-sheet review
https://i.ebayimg.com/images/g/3WYAAeSwYi9qFVv0/s-l500.webp,other,ebay,ebay:318362681332,"Twin Bassinet for Baby, Bedside Bassinet, Convertible to Bedside Sleeper and Pla",contact-sheet review
https://i.ebayimg.com/images/g/3sYAAeSwEM5qcA6G/s-l500.webp,other,ebay,ebay:307103272027,Breathable Airflow Mesh Panel for Crib Rails,contact-sheet review
https://i.ebayimg.com/images/g/4BUAAeSwWi9qE8Bn/s-l500.webp,other,ebay,ebay:406949756941,Joovy Foldable High Chair w/ Removable Swing Tray & Safety Harness,contact-sheet review
https://i.ebayimg.com/images/g/4VMAAeSwZERqkYlb/s-l500.webp,other,ebay,ebay:307151042161,"Bassinet Bedside Sleeper for Baby, 2 in 1 Baby Crib for Newborn, Bedside Bass...",contact-sheet review
https://i.ebayimg.com/images/g/5IIAAeSwRv9pO~0S/s-l500.webp,other,ebay,ebay:205916677037,Bedside Bassinet Baby Bedside Sleeper with Wheels and Adjustable Height,contact-sheet review
https://i.ebayimg.com/images/g/5TQAAeSwzDRqbo-M/s-l500.webp,other,ebay,ebay:267745137094,Vtg 1980s Fisher-Price Folding High Chair Blue Floral Pattern cottage core,contact-sheet review
https://i.ebayimg.com/images/g/5V4AAeSw7ztp76az/s-l500.webp,other,ebay,ebay:306905057461,Baby Trend 5 Point Harness High Chair Replacement Part Safety Strap Seat Belt,contact-sheet review
https://i.ebayimg.com/images/g/5ecAAeSwZl5qaRJ5/s-l500.webp,other,ebay,ebay:158129118944,3 Baby Silicone Toy Straps For Stroller Or High Chair,contact-sheet review
https://i.ebayimg.com/images/g/5qsAAeSwrLtqSVsR/s-l500.webp,other,ebay,ebay:267717708374,dollhouse/miniature infant & child furniture,contact-sheet review
https://i.ebayimg.com/images/g/5xUAAeSwnHJqKQ-o/s-l500.webp,other,ebay,ebay:327205792513,graco pack n play care suite playard/ Changing Area,contact-sheet review
https://i.ebayimg.com/images/g/6AgAAeSwYZtosfvf/s-l500.webp,other,ebay,ebay:167753491160,Fisher Price Rock -A-Stack 6 M+ New,contact-sheet review
https://i.ebayimg.com/images/g/6DoAAeSw7BNqhUkY/s-l500.webp,other,ebay,ebay:127900600333,"3‑in‑1 Baby Bassinet Bedside Sleeper, Adjustable Height Rocking Crib with Wheels",contact-sheet review
https://i.ebayimg.com/images/g/6YQAAeSwXulqnt1K/s-l500.webp,other,ebay,ebay:137710115313,STOKKE Tripp Trapp High Chair Storage Tray - WHITE,contact-sheet review
https://i.ebayimg.com/images/g/6ZkAAeSwjTNqsZVZ/s-l500.webp,other,ebay,ebay:407235107257,Inglesina Fast Table Chair Hook-On High Chair Red,contact-sheet review
https://i.ebayimg.com/images/g/75YAAOSwfYpn1VhQ/s-l500.webp,other,ebay,ebay:205354768140,"Baby Bassinet, 3 in 1 Bassinet Bedside Sleeper, Adjustable Height Bedside Sle...",contact-sheet review
https://i.ebayimg.com/images/g/7n0AAeSwkB5qBsJT/s-l500.webp,other,ebay,ebay:397950272958,"5 in 1 Baby Bassinet Bedside Sleeper, Rocking Bedside Bassinet With Mattress",contact-sheet review
https://i.ebayimg.com/images/g/7nEAAeSwtAZqN4gv/s-l500.webp,other,ebay,ebay:318484530264,AMKE 3-in-1 Bedside Sleeper Baby Bassinet,contact-sheet review
https://i.ebayimg.com/images/g/83UAAeSwBcdom8Gc/s-l500.webp,other,ebay,ebay:177334262540,BEABA BY Shnuggle Convertible Air Bedside Sleeper Bassinet,contact-sheet review
https://i.ebayimg.com/images/g/8IYAAeSwwfFqKrs9/s-l500.webp,other,ebay,ebay:227502570007,Maxi Cosi High Chair Replacement Insert Cushion Cover Speckles Green Minla,contact-sheet review
https://i.ebayimg.com/images/g/8XoAAeSwzN5p~D1x/s-l500.webp,other,ebay,ebay:206257736148,Baby Bedside Sleeper Bassinets 3IN1 with Mattress & Storage Basket Cosleeper,contact-sheet review
https://i.ebayimg.com/images/g/8sAAAeSw6Xlqc5c8/s-l500.webp,other,ebay,ebay:168591600406,"Graco High Chair w/ Adjustable Tray, White/Gray/Black Striped Seat",contact-sheet review
https://i.ebayimg.com/images/g/8uAAAeSwww5qX756/s-l500.webp,other,ebay,ebay:178346354413,Great American Quilt Factory Dream Spinners Cotton Candy Baby Quilt and Crib Set,contact-sheet review
https://i.ebayimg.com/images/g/8wYAAeSwMttqVX3m/s-l500.webp,other,ebay,ebay:198495978888,3-in-1 Baby Bassinet Bedside Sleeper Crib Adjustable Height Portable w/Wheels,contact-sheet review
https://i.ebayimg.com/images/g/9OgAAeSweiRqtdb5/s-l500.webp,other,ebay,ebay:820169240211,"Pack and Play with Bassinet - 7 in 1 One-Step Setup Bedside Crib, Portable Playp",contact-sheet review
https://i.ebayimg.com/images/g/9RgAAOSwpUZe8UI7/s-l500.webp,other,ebay,ebay:234162989039,Graco Pack 'n Play Quick Connect Portable Play Yard (2000882),contact-sheet review
https://i.ebayimg.com/images/g/A2QAAeSw~RxqBMUe/s-l500.webp,other,ebay,ebay:168373178308,Portable High Chair,contact-sheet review
https://i.ebayimg.com/images/g/AEUAAeSw-RRprCTZ/s-l500.webp,other,ebay,ebay:137104025148,Graco Convertible High Chair Gray Removable Tray Safety Harness,contact-sheet review
https://i.ebayimg.com/images/g/ALkAAeSw2AdqaXPb/s-l500.webp,other,ebay,ebay:267741868074,Stokke Tripp Trapp High Chair Back Cushion Stars,contact-sheet review
https://i.ebayimg.com/images/g/AdUAAOSw6jJkdFMr/s-l500.webp,other,ebay,ebay:155579269896,Clear Corner Guards Protectors for Baby Safety Bumpers for Furniture 20 assorted,contact-sheet review
https://i.ebayimg.com/images/g/AdgAAeSwZSxqHNv2/s-l500.webp,other,ebay,ebay:366447230371,"Pack and Play, 5 in 1 Baby Bedside Sleeper with Bassinet, Diaper Changer,",contact-sheet review
https://i.ebayimg.com/images/g/AkUAAeSwIf9qmCmN/s-l500.webp,other,ebay,ebay:800601685853,"Bassinet Bedside Sleeper for Baby, 2 in 1 Baby Crib for Newborn, Bedside Bass...",contact-sheet review
https://i.ebayimg.com/images/g/AlgAAOSw3YJoMhYK/s-l500.webp,other,ebay,ebay:297340156886,Rock N Roll Elmo Plush Guitar Plays Music Sings 1998 Fisher Price Orig Box,contact-sheet review
https://i.ebayimg.com/images/g/BBQAAOSw9plf~qb-/s-l500.webp,other,ebay,ebay:137027181626,VILOBOS Baby bed Toddler Bedside Sleeper Infant Nursery Newborn Crib w/ Wheels,contact-sheet review
https://i.ebayimg.com/images/g/BI0AAeSwwelqBsO5/s-l500.webp,other,ebay,ebay:236817679709,"5 in 1 Baby Bassinet Bedside Sleeper, Rocking Airflow Mesh With Wheels",contact-sheet review
https://i.ebayimg.com/images/g/BSQAAOSwG8dneWz5/s-l500.webp,other,ebay,ebay:286879089832,Circo Pack N Play Sheet Playard Bed Play Yard White,contact-sheet review
https://i.ebayimg.com/images/g/CP4AAeSw37Vp~D12/s-l500.webp,other,ebay,ebay:127851196845,Baby Bassinet 3 in 1 Bassinet Bedside Sleeper w/Soft Mattress for Newborn Infant,contact-sheet review
https://i.ebayimg.com/images/g/CjMAAOSwXvhnKuZO/s-l500.webp,other,ebay,ebay:196784575620,"3in1 Bedside Bassinet for Baby Bedside Sleeper with Wheels, Rotating Music Stand",contact-sheet review
https://i.ebayimg.com/images/g/CxQAAeSwVWFpdLar/s-l500.webp,other,ebay,ebay:397530883055,"Baby Bassinets Bedside Sleeper, 4 in 1 Portable Bedside Crib w/Mattress, Diaper",contact-sheet review
https://i.ebayimg.com/images/g/DFAAAOSwkctgfxdH/s-l500.webp,other,ebay,ebay:324582167126,"Graco Pack 'n Play Playard with Reversible Seat & Changer LX, Basin 1954479",contact-sheet review
https://i.ebayimg.com/images/g/FTAAAeSweFVp14sP/s-l500.webp,other,ebay,ebay:136517714200,Baby Bedside Sleeper Baby Bassinet w/ 4-Side Mesh Cloth & Baby Crib Grey White,contact-sheet review
https://i.ebayimg.com/images/g/G-oAAOSwwUhnzHdZ/s-l500.webp,other,ebay,ebay:298654669929,Graco Pack n Play Portable Playard Reign with Compact Fold,contact-sheet review
https://i.ebayimg.com/images/g/GRUAAOSwneJnTq99/s-l500.webp,other,ebay,ebay:316022336146,Folding 3 in 1 Baby Bassinet for Infant Bedside Sleeper w/ Rotating Music Stand,contact-sheet review
https://i.ebayimg.com/images/g/GT4AAeSwhuhpTY3A/s-l500.webp,other,ebay,ebay:406520312431,baby chair with tray,contact-sheet review
https://i.ebayimg.com/images/g/GbEAAeSwzj5pyYH4/s-l500.webp,other,ebay,ebay:397777175908,"Furniture Corner & Edge Safety Bumpers, 16ft 16ft+4corners, Clear",contact-sheet review
https://i.ebayimg.com/images/g/H4sAAeSwCy1p2I1h/s-l500.webp,other,ebay,ebay:147577606137,Baby DelightBeside Me Dreamer Organic Bassinet Bedside Sleeper Organic Rose MINT,contact-sheet review
https://i.ebayimg.com/images/g/HTMAAeSw5Q9qpBU1/s-l500.webp,other,ebay,ebay:257742455269,Vintage Cosco Bounce Chair 70's MCM Seat Porcelain Enamel CHILDREN Tray Baby,contact-sheet review
https://i.ebayimg.com/images/g/HgwAAeSwRQxqaEyU/s-l500.webp,other,ebay,ebay:800707519940,Baby Bassinet Bedside Sleeper 6-Level Height Adjustable with Wheels for Infants,contact-sheet review
https://i.ebayimg.com/images/g/I8kAAOSwYphnONkg/s-l500.webp,other,ebay,ebay:226452303039,Graco Baby Pack 'n Play Simple Solutions Playard - Linus,contact-sheet review
https://i.ebayimg.com/images/g/IH0AAOSwXnZnKudg/s-l500.webp,other,ebay,ebay:315926480840,3 in 1 Baby Bassinet Bedside Sleeper Portable Crib Pack and Play with Mattress,contact-sheet review
https://i.ebayimg.com/images/g/IZkAAeSwgBlpvDW0/s-l500.webp,other,ebay,ebay:407059793876,Pottery Barn Baby Amelia Velvet Crib Skirt Pink Metallic Geometric Print New,contact-sheet review
https://i.ebayimg.com/images/g/IbwAAeSw7SlqmCmZ/s-l500.webp,other,ebay,ebay:800601685554,"Bassinet Bedside Sleeper for Baby, 2 in 1 Baby Crib for Newborn, Bedside Bass...",contact-sheet review
https://i.ebayimg.com/images/g/IdcAAeSwh0NqbktU/s-l500.webp,other,ebay,ebay:398239149726,Graco Pack 'n Play® Close2Baby Bassinet Playard with Changing Station – Excellen,contact-sheet review
https://i.ebayimg.com/images/g/JdYAAeSwvqJqdA0e/s-l500.webp,other,ebay,ebay:257664706143,BreathableBaby Deluxe Breathable Mesh Crib Liner Gray Embroidered Collection New,contact-sheet review
https://i.ebayimg.com/images/g/JsYAAeSwxMpqar4g/s-l500.webp,other,ebay,ebay:236972238939,"Inglesina Fast Table Chair, Portable Baby High Chair",contact-sheet review
https://i.ebayimg.com/images/g/KBkAAeSw7ztp33QW/s-l500.webp,other,ebay,ebay:358449048897,"Baby Bassinet, 3 in 1 Bedside Bassinets for Baby, Bassinet Bedside Sleeper wi...",contact-sheet review
https://i.ebayimg.com/images/g/KSIAAeSw8D1qtcS5/s-l500.webp,other,ebay,ebay:117430060985,Antique Wooden Handmade Baby High Chair Leather Seat,contact-sheet review
https://i.ebayimg.com/images/g/L94AAeSwlKlqB5p5/s-l500.webp,other,ebay,ebay:306941346683,Fisher Price Snack Booster Seat Portable Replacement Seat Belt Around Chair C53,contact-sheet review
https://i.ebayimg.com/images/g/L9IAAeSwVf1qggxx/s-l500.webp,other,ebay,ebay:257684508754,Liuliuby Travel Harness Seat Portable Baby High Chair Gray,contact-sheet review
https://i.ebayimg.com/images/g/LKwAAeSw2MxqabnW/s-l500.webp,other,ebay,ebay:800426257476,5-in-1 Pack & Play Portable Baby Bedside Sleeper W/ Bassinet U-Shaped Diaper,contact-sheet review
https://i.ebayimg.com/images/g/LNIAAeSwYPFqddbB/s-l500.webp,other,ebay,ebay:800497993476,Inglesina Black Table-Mounted Booster Seat Clip-On Chair with Safety Harness,contact-sheet review
https://i.ebayimg.com/images/g/LQcAAeSweEtqfrR1/s-l500.webp,other,ebay,ebay:318654180521,5-in-1 Portable Pack and Play w/ Diaper Changing Table Playpen Bedside Sleeper,contact-sheet review
https://i.ebayimg.com/images/g/MXMAAeSwQc1o68as/s-l500.webp,other,ebay,ebay:257153658775,Pottery Barn Kids Baby Boats Nursery Set EUC! VINTAGE!,contact-sheet review
https://i.ebayimg.com/images/g/MnAAAeSwWUhqf1gs/s-l500.webp,other,ebay,ebay:800508329332,Vintage Cosco MCM Chrome and Vinyl Upholstered High Chair Metal Removable Tray,contact-sheet review
https://i.ebayimg.com/images/g/MrAAAeSwURlpRNtd/s-l500.webp,other,ebay,ebay:298686502295,hiccapop [2-Pack] Foam Bed Sleep Bumpers for Toddlers Toddler Bed Rails New,contact-sheet review
https://i.ebayimg.com/images/g/N2kAAeSwSg9qsFZw/s-l500.webp,other,ebay,ebay:800691749579,"Graco Blossom Convertible High Chairs with Tray, Black/White",contact-sheet review
https://i.ebayimg.com/images/g/NYYAAOSwWbtmCd6e/s-l500.webp,other,ebay,ebay:116126913240,McCall's M4855 Baby Butterfly Glider Cushions Curtains Diaper Organizer Quilt,contact-sheet review
https://i.ebayimg.com/images/g/NkMAAOSwYHhoOakJ/s-l500.webp,other,ebay,ebay:388491497047,"New Forias Bed Bumpers for Toddlers, Soft Foam Bed Rail for Kids Bed,Toddler Bed",contact-sheet review
https://i.ebayimg.com/images/g/OHsAAeSwoJhp-G9n/s-l500.webp,other,ebay,ebay:306885905110,"2 in 1 Baby Bassinet w/Rocking Motion,Foldable Bedside Sleeper w/Breathable Mesh",contact-sheet review
https://i.ebayimg.com/images/g/OOgAAeSwiTNqkFrv/s-l500.webp,other,ebay,ebay:318787405562,"3 in 1 Baby Bassinet Bedside Sleeper Portable Crib, Co-Sleeping Baby Bed, Pla...",contact-sheet review
https://i.ebayimg.com/images/g/P4MAAeSwLodqK8TL/s-l500.webp,other,ebay,ebay:800125268386,"4 in 1 Baby Bassinets Bedside Sleeper w/ Wheels, Height Adjustable for Boys Girl",contact-sheet review
https://i.ebayimg.com/images/g/PvEAAOSwWW9k0zXV/s-l500.webp,other,ebay,ebay:314761133354,3Pcs Crib Rail Cover Protector Safe Teething Guard Wrap for Standard Crib White,contact-sheet review
https://i.ebayimg.com/images/g/Q-kAAeSwl5xp~Dw6/s-l500.webp,other,ebay,ebay:406910168366,"Baby Bassinets,Bedside Sleeper Baby Crib Portable Bassinets for Safe Co-Sleeping",contact-sheet review
https://i.ebayimg.com/images/g/QAEAAeSwjYdqa7-C/s-l500.webp,other,ebay,ebay:198536001187,Fisher-Price Bassinet Bedside Sleeper Breathable Mesh Side White/Gray,contact-sheet review
https://i.ebayimg.com/images/g/Qi0AAeSwSSBpxORy/s-l500.webp,other,ebay,ebay:406540284849,3 in 1 Baby Bassinet Bedside Sleeper with Wheels Adjustable Height Mesh,contact-sheet review
https://i.ebayimg.com/images/g/QzoAAOSwx2BcaKWX/s-l500.webp,other,ebay,ebay:177193845182,Tushies and Tantrums Boutique Crib Bedding Set Arrow Theme New Aqua/ Coral $315,contact-sheet review
https://i.ebayimg.com/images/g/Q~sAAeSw9XJqmCnH/s-l500.webp,other,ebay,ebay:800601685835,"3 in 1 Bedside Bassinet, 69.26"" x 19.29"" Baby Bassinets Bedside Sleeper with ...",contact-sheet review
https://i.ebayimg.com/images/g/R~sAAeSwMCZqA9k-/s-l500.webp,other,ebay,ebay:168386132963,Graco Pack N Play Changing Table For Nearby Napper Pack n Play Playard Set,contact-sheet review
https://i.ebayimg.com/images/g/SJoAAeSwNIpqBsG8/s-l500.webp,other,ebay,ebay:800021404827,"5 in 1 Baby Bassinet Bedside Sleeper, Rocking Bedside Bassinet with Wheel",contact-sheet review
https://i.ebayimg.com/images/g/Sa8AAeSw~7pqjtva/s-l500.webp,other,ebay,ebay:188843730225,Baby Bassinet w/Rocking Motion Foldable Bedside Sleeper w/Breathable Mesh,contact-sheet review
https://i.ebayimg.com/images/g/SaQAAeSwZ-RqtuE-/s-l500.webp,other,ebay,ebay:168720953449,"John Lennon Yoko Ono Imagine Real Love Crib Quilt Set-Quilt, Sheet & Dust Ruffle",contact-sheet review
https://i.ebayimg.com/images/g/T1wAAeSw7T5p~DvY/s-l500.webp,other,ebay,ebay:377167309913,"Foldable 3 in 1 Baby Bassinet Bedside Crib Toddler Play Bedside Sleeper, Playpen",contact-sheet review
https://i.ebayimg.com/images/g/TA8AAeSwfEZqqaX~/s-l500.webp,other,ebay,ebay:128081459567,Angeles Baby Bassinet Bedside Sleeper,contact-sheet review
https://i.ebayimg.com/images/g/TL0AAeSwvSpqE2Ku/s-l500.webp,other,ebay,ebay:287351248400,Graco Pack ’n Play Playard Replacement Carry Bag Brown Storage Case,contact-sheet review
https://i.ebayimg.com/images/g/Ta8AAeSwQbdpB624/s-l500.webp,other,ebay,ebay:205822394648,"Summer toddler folding camping Grey chair with bag, extra straps.",contact-sheet review
https://i.ebayimg.com/images/g/TlQAAeSwKOdqBsIO/s-l500.webp,other,ebay,ebay:206275835780,"5 in 1 Baby Bassinet Bedside Sleeper, Rocking Bedside Bassinet",contact-sheet review
https://i.ebayimg.com/images/g/TngAAeSwR7Vqq~sL/s-l500.webp,other,ebay,ebay:307184098555,Peg perego Prima pappa high chair MAIN TRAY 997,contact-sheet review
https://i.ebayimg.com/images/g/TrkAAeSw6tJqMG2V/s-l500.webp,other,ebay,ebay:278092431351,BABY TREND HIGH CHAIR 5 POINT HARNESS STRAPS REPLACEMENT,contact-sheet review
https://i.ebayimg.com/images/g/Tx8AAeSwBxJp2SWS/s-l500.webp,other,ebay,ebay:287264670811,Inglesina Fast Table Chair 1-3 Years Green Olive Green 1999,contact-sheet review
https://i.ebayimg.com/images/g/V70AAeSwuwZqSWlS/s-l500.webp,other,ebay,ebay:147416475689,VINTAGE 1983 Fisher Price Wooden High Chair With Tray RARE Made In USA,contact-sheet review
https://i.ebayimg.com/images/g/VS0AAOSwBLlU~kNV/s-l500.webp,other,ebay,ebay:191532730157,"Fisher Price Rock & N Play Cream 5"" Mini Bear Plush Rattle Baby Toy",contact-sheet review
https://i.ebayimg.com/images/g/VqAAAeSwE-lo9s6R/s-l500.webp,other,ebay,ebay:257166687780,Fisher-Price Laugh And Learn Game And Learn Controller Pink,contact-sheet review
https://i.ebayimg.com/images/g/VuAAAeSwzd1qtpFv/s-l500.webp,other,ebay,ebay:318917016308,"Wooden Baby High Chair, Removable Tray & Footrest, Brown/White Floral Cushion",contact-sheet review
https://i.ebayimg.com/images/g/WTgAAeSwcZxqmCmF/s-l500.webp,other,ebay,ebay:800601685547,"3 in 1 Baby Bassinet Bedside Sleeper, Adjustable Bedside Bassinet for Baby, W...",contact-sheet review
https://i.ebayimg.com/images/g/WiQAAOSwdAtk2m69/s-l500.webp,other,ebay,ebay:225727371741,"Baby Bedside Sleeper Bassinet Bed: 3-in-1 Portable Crib for Newborns,Side Sleep-",contact-sheet review
https://i.ebayimg.com/images/g/XM8AAeSwsehqVcJS/s-l500.webp,other,ebay,ebay:398171994670,Cribette by CBS Kids Portable Playard / Pack ’n Play,contact-sheet review
https://i.ebayimg.com/images/g/XZEAAeSwPmNqAP0b/s-l500.webp,other,ebay,ebay:366651578881,3 in 1 Baby Bassinet Bedside Sleeper Portable Crib Pack and Play w/ Mattress,contact-sheet review
https://i.ebayimg.com/images/g/XkcAAeSwZsZqr1hS/s-l500.webp,other,ebay,ebay:307188323939,"Baby Bedside Sleeper Bassinet, Breathable Mesh, Mosquito Net, Gray/White",contact-sheet review
https://i.ebayimg.com/images/g/XnwAAeSwOLpqfoFG/s-l500.webp,other,ebay,ebay:206489508048,"Lalo Baby High Chair, Black w/ Natural Wood Legs, Removable Tray",contact-sheet review
https://i.ebayimg.com/images/g/Y6QAAeSwPaJp-0M9/s-l500.webp,other,ebay,ebay:358525626315,"Bed Bumpers for Toddlers & Kids (2-Pack), Memory Foam Bed Rail for Adults, Bed E",contact-sheet review
https://i.ebayimg.com/images/g/YpMAAeSw0Kxqe15f/s-l500.webp,other,ebay,ebay:298579057956,Vintage Graco Tot-Loc Lock Clip On Table Top High Chair Booster Seat Bear Blocks,contact-sheet review
https://i.ebayimg.com/images/g/YxkAAeSwGspqR3Ck/s-l500.webp,other,ebay,ebay:117330046054,4-in-1 Adjustable Baby Bedside Sleeper w/Bassinet Mattress Changing Table Toys,contact-sheet review
https://i.ebayimg.com/images/g/ZLkAAeSwWEBqUocA/s-l500.webp,other,ebay,ebay:158075851807,New - Pottery Barn Kids - Little Fishies Mobile - “Plays Rock-A-Bye-Baby”,contact-sheet review
https://i.ebayimg.com/images/g/ZVMAAeSwmc1qEvYj/s-l500.webp,other,ebay,ebay:236834836758,Inflatable Toddler Travel Bed with Safety Bumpers [4-Sided] | Portable Toddle...,contact-sheet review
https://i.ebayimg.com/images/g/a-UAAeSwxmZpa-kt/s-l500.webp,other,ebay,ebay:177786359953,"Dream Spinners Craft Pattern U-Pick $8.99 Bunny, Santa, Doll NEW",contact-sheet review
https://i.ebayimg.com/images/g/a18AAeSwM89qjDA7/s-l500.webp,other,ebay,ebay:147524092898,Baby Bassinet w/Rocking Motion Foldable Bedside Sleeper w/Breathable Mesh,contact-sheet review
https://i.ebayimg.com/images/g/a38AAeSwxLxqTVmg/s-l500.webp,other,ebay,ebay:147422921718,VTG 70's Folding Baby Feeding High Chair Adjustable Crome Table w/ Mushrooms,contact-sheet review
https://i.ebayimg.com/images/g/bF0AAeSwgydpX1ow/s-l500.webp,other,ebay,ebay:366109592750,Baby Bedside Sleeper Bassinet Bed W/ Storage Adjustable Height,contact-sheet review
https://i.ebayimg.com/images/g/beYAAeSw0zlqlGcz/s-l500.webp,other,ebay,ebay:820065996716,3-in-1 Gray Baby Bedside Sleeper Bassinet + 8 Fitted Sheets In-Box - Preowned,contact-sheet review
https://i.ebayimg.com/images/g/booAAeSwcXdqarcl/s-l500.webp,other,ebay,ebay:147470844875,"Babyeap 3-in-1 Baby Bassinet, Adjustable Bedside Sleeper with Gentle Rocking",contact-sheet review
https://i.ebayimg.com/images/g/bz8AAeSw5rNp022g/s-l500.webp,other,ebay,ebay:306864688612,Maxi-Cosi Minla 6-in-1 Portable Foldable High Chair for Babies & Toddlers,contact-sheet review
https://i.ebayimg.com/images/g/cfEAAeSwrqNpuocr/s-l500.webp,other,ebay,ebay:318023214046,"Baby Bed Bumpers for Toddlers Foam Bed Guard Rail for Kids Bed 52"" Grey 1 Pack",contact-sheet review
https://i.ebayimg.com/images/g/cowAAOSwGXRl6BEH/s-l500.webp,other,ebay,ebay:404844573062,Quilted Standard Crib Rail Cover Protector Safe Teething Guard Wrap Gray,contact-sheet review
https://i.ebayimg.com/images/g/dGYAAeSwsKFqptTl/s-l500.webp,other,ebay,ebay:800656220018,Fisher-Price Baby High Chair Seat w/ Removable Tray & Safety Harness Gray/White,contact-sheet review
https://i.ebayimg.com/images/g/dHkAAOSw-1hluQAj/s-l500.webp,other,ebay,ebay:296196013368,Graco Pack N Play Playard Replacement Part Gray Mesh Snap Pocket Organizer Snap,contact-sheet review
https://i.ebayimg.com/images/g/dJgAAeSwPgVqihmj/s-l500.webp,other,ebay,ebay:318767395984,"Peterson Foldable Baby High Chair w/ Removable Tray, Yellow Pattern",contact-sheet review
https://i.ebayimg.com/images/g/dOAAAeSwWg9qkjQb/s-l500.webp,other,ebay,ebay:178528856428,"Keekaroo infant insert, blue",contact-sheet review
https://i.ebayimg.com/images/g/ddcAAeSwQjhqOU9a/s-l500.webp,other,ebay,ebay:800225873792,Baby Bassinet/Adjustable Bedside Sleeper for Baby/Nursery,contact-sheet review
https://i.ebayimg.com/images/g/dfQAAeSwWTRogmU-/s-l500.webp,other,ebay,ebay:226884938190,LOT of 3 Circo Playard Portacrib Pack n Play Fitted Sheets-Pink & White,contact-sheet review
https://i.ebayimg.com/images/g/dfcAAeSwUUNpiOz8/s-l500.webp,other,ebay,ebay:117230947973,"Rinnebbit Baby Bassinets Bedside Sleeper, 4 in 1 Portable Bedside Crib w/Matt...",contact-sheet review
https://i.ebayimg.com/images/g/dqAAAeSwQzRp74UT/s-l500.webp,other,ebay,ebay:307184358524,Chicco Polly High Chair Replacement Part Seat Belt Restraint Buckle Straps 0013,contact-sheet review
https://i.ebayimg.com/images/g/eXoAAeSwE01qrvgy/s-l500.webp,other,ebay,ebay:398411741165,"SnüzPod Rocking Bedside Sleeper Bassinet, Breathable Mesh, Dark Brown/White",contact-sheet review
https://i.ebayimg.com/images/g/eu4AAeSwM0Nqq4aj/s-l500.webp,other,ebay,ebay:800674465754,"hiccapop Foldable Travel High Chair Booster Seat w/ Removable Tray, Gray",contact-sheet review
https://i.ebayimg.com/images/g/ewsAAeSwaONqleRp/s-l500.webp,other,ebay,ebay:227499732334,"MTWML Hook On High Chair with Tray,Portable Baby High Chair That Attaches to",contact-sheet review
https://i.ebayimg.com/images/g/fY4AAOSwqu1lGqN~/s-l500.webp,other,ebay,ebay:116020235598,Rock Mining Adventure Dusty Thomas & Friends Take N Play Along Push Trains,contact-sheet review
https://i.ebayimg.com/images/g/fc4AAeSw6xpqkYmY/s-l500.webp,other,ebay,ebay:307151042180,"Bassinet Bedside Sleeper for Baby, 2 in 1 Baby Crib for Newborn, Bedside Bass...",contact-sheet review
https://i.ebayimg.com/images/g/fiEAAeSw8xZpSZmn/s-l500.webp,other,ebay,ebay:205940529741,Buyers Choice of Sewing Patterns: Infant & Baby Accessories,contact-sheet review
https://i.ebayimg.com/images/g/fiEAAeSwXwdqIABi/s-l500.webp,other,ebay,ebay:188460839512,Maxi-Cosi iora 2-In-1 Bedside Sleeper Bassinet Foldable Adjustable - Graphite,contact-sheet review
https://i.ebayimg.com/images/g/gkIAAeSwdAJqo7jJ/s-l500.webp,other,ebay,ebay:137723946877,"Baby Bedside Sleeper,Portable Baby Bassinet, 4-in-1 Rolling Bassinet w/Mattress",contact-sheet review
https://i.ebayimg.com/images/g/h80AAeSwrd5qltyA/s-l500.webp,other,ebay,ebay:366642096544,"Baby Bassinet, Portable Rocking 3 in 1 Bedside Sleeper",contact-sheet review
https://i.ebayimg.com/images/g/hFMAAOSwrudm04aM/s-l500.webp,other,ebay,ebay:145992996364,Graco 2136799 - Pack n Play Travel Dome LX Playard,contact-sheet review
https://i.ebayimg.com/images/g/hdcAAeSwCfZp3qOp/s-l500.webp,other,ebay,ebay:157852976058,Vogue McCalls Sewing Pattern Baby Nursery Quilt Bassinet Pillow Sham Christening,contact-sheet review
https://i.ebayimg.com/images/g/iR0AAOSwLdpoM5qH/s-l500.webp,other,ebay,ebay:206114298957,Graco Pack 'n Play Playard Portable Crib Bassinet Change Table Travel Baby Bed,contact-sheet review
https://i.ebayimg.com/images/g/jywAAeSwHJdqtF0-/s-l500.webp,other,ebay,ebay:158317916969,Stokke Tripp Trapp Baby Set High Chair Insert in Black w/ Sweet Hearts Cushion,contact-sheet review
https://i.ebayimg.com/images/g/kicAAeSwJ2dqfMt1/s-l500.webp,other,ebay,ebay:206486079395,Vintage 1995 Simplicity 9524 Nursery Quilt Bassinet Glider Home Decor Pattern,contact-sheet review
https://i.ebayimg.com/images/g/l5oAAeSw~oJqYGF4/s-l500.webp,other,ebay,ebay:198515380419,2-in-1 Children's Sofa Bed with Removable Baffle Lounger Sleeper for Kids,contact-sheet review
https://i.ebayimg.com/images/g/lZcAAeSwBpdqPTvb/s-l500.webp,other,ebay,ebay:307024489353,Graco Pack 'n Play On The Go Play Yard,contact-sheet review
https://i.ebayimg.com/images/g/lggAAeSw5Vxqd2VZ/s-l500.webp,other,ebay,ebay:407129812949,"3 in 1 Baby Bassinet Bedside Sleeper Portable Crib, Co-Sleeping Baby Bed, Pla...",contact-sheet review
https://i.ebayimg.com/images/g/lj8AAeSwvSpp~Pnc/s-l500.webp,other,ebay,ebay:366394904010,Baby Bed Bumpers for Toddlers Foam Bed Guard Rail for Kids Bed Toddler Bed Bumpe,contact-sheet review
https://i.ebayimg.com/images/g/m4YAAeSwy~poRyHz/s-l500.webp,other,ebay,ebay:226806162652,GRACO Pack n Play Playard Replacement Carry Storage Travel Bag Green,contact-sheet review
https://i.ebayimg.com/images/g/mE8AAeSwm5Bp-VxP/s-l500.webp,other,ebay,ebay:168362756331,TCBunny 2-in-1 Baby Bassinet & Bedside Sleeper Adjustable Portable Crib Bed New,contact-sheet review
https://i.ebayimg.com/images/g/nF8AAeSwrj5qg03b/s-l500.webp,other,ebay,ebay:287530984561,Floppy Seat High Chair Cover Fold Up Portable Bag For Baby Toddler,contact-sheet review
https://i.ebayimg.com/images/g/nIwAAeSw1RFpVOcF/s-l500.webp,other,ebay,ebay:406540310254,"3-in-1 Baby Bassinet Bedside Sleeper, Adjustable Crib with Wheels & Mosquito Net",contact-sheet review
https://i.ebayimg.com/images/g/nJgAAOSwqYBWomgg/s-l500.webp,other,ebay,ebay:131708163993,SootheTime Fresh Air Crib Liner Pink White baby girl nursery new,contact-sheet review
https://i.ebayimg.com/images/g/nPQAAeSwDjZqfWot/s-l500.webp,other,ebay,ebay:278230554571,Baby Bassinet Bedside Sleeper w/6-Level Adjustable Height 3-in-1 design,contact-sheet review
https://i.ebayimg.com/images/g/nWYAAeSwamhqqQsZ/s-l500.webp,other,ebay,ebay:178498138963,"Breathable Mesh Liner For Full-Size Cribs, Classic 3mm Mesh, White",contact-sheet review
https://i.ebayimg.com/images/g/nXMAAeSwWa1qH1jr/s-l500.webp,other,ebay,ebay:168438119845,Graco Pack n' Play Playard Bassinet - NO POLES INCLUDED -,contact-sheet review
https://i.ebayimg.com/images/g/o5oAAeSwMXRqo7cB/s-l500.webp,other,ebay,ebay:137723936354,Baby Bassinet Bedside Sleeper with 6-Level Adjustable Height & 3-in-1 design,contact-sheet review
https://i.ebayimg.com/images/g/oHkAAeSwt5tqMXpX/s-l500.webp,other,ebay,ebay:366483408915,Baby Bassinet and Bedside Sleeper For Twins,contact-sheet review
https://i.ebayimg.com/images/g/onkAAeSww5NqfWnS/s-l500.webp,other,ebay,ebay:147501558364,Baby Bassinet Bedside Sleeper w/6-Level Adjustable Height 3-in-1 design,contact-sheet review
https://i.ebayimg.com/images/g/pR0AAeSwRAVqmAZt/s-l500.webp,other,ebay,ebay:407187362645,CoZee® 2-in-1 Baby Bassinet & Bedside Sleeper - Fast-Folding Bedside Bassinet...,contact-sheet review
https://i.ebayimg.com/images/g/q7kAAeSwWJ5o-ZTO/s-l500.webp,other,ebay,ebay:227038586930,Inglesina Fast Table Chair 1-3 Years - Black,contact-sheet review
https://i.ebayimg.com/images/g/qAcAAOSw1DZnK-dh/s-l500.webp,other,ebay,ebay:235819814055,"Acceptable_Inglesina Fast Table Chair, Black - Portable Baby High",contact-sheet review
https://i.ebayimg.com/images/g/qJ4AAeSwe69qA3at/s-l500.webp,other,ebay,ebay:398387480983,"High Chair for Camping Evenflo Portable Foldable , 3-Point Harness, Red/Gray",contact-sheet review
https://i.ebayimg.com/images/g/qi4AAeSwsSFp1DGR/s-l500.webp,other,ebay,ebay:406835328518,Mattel B9021 Doll High Chair Toy Purple Blue Cream Pretend Play Loving Family,contact-sheet review
https://i.ebayimg.com/images/g/qpsAAeSwvgtqgLUP/s-l500.webp,other,ebay,ebay:137625237394,Fisher-Price Think & Learn Rocktopus Interactive Musical Preschool Toy,contact-sheet review
https://i.ebayimg.com/images/g/r-gAAeSwwHJqNv0d/s-l500.webp,other,ebay,ebay:358703725319,Fisher Price Rock-a-Stack,contact-sheet review
https://i.ebayimg.com/images/g/r2gAAeSw8L9o2JNV/s-l500.webp,other,ebay,ebay:136517714033,3-in-1 Baby Bedside Sleeper Beside Crib w/Breathable Meshes & Wheels,contact-sheet review
https://i.ebayimg.com/images/g/rFwAAOSwfwtaiKoX/s-l500.webp,other,ebay,ebay:373996331418,Simplicity 8667 Sewing Pattern Nursery Baby Basics Teddy bears NEW,contact-sheet review
https://i.ebayimg.com/images/g/rKEAAeSwNF5qBsRF/s-l500.webp,other,ebay,ebay:318305889996,5 in 1 Baby Bassinet Bedside Sleeper 6 Adjustable Heights With Wheels,contact-sheet review
https://i.ebayimg.com/images/g/rQwAAeSwqn9qhpYm/s-l500.webp,other,ebay,ebay:147516872106,2 in 1 Baby Bassinet w/Rocking Motion Foldable Bedside Sleeper w/Breathable Mesh,contact-sheet review
https://i.ebayimg.com/images/g/reIAAeSwOktqtn-n/s-l500.webp,other,ebay,ebay:227538925666,Fisher Price Think & Learn Rocktopus Musical Toy Tested Works Complete,contact-sheet review
https://i.ebayimg.com/images/g/rfEAAeSwAetqpO5C/s-l500.webp,other,ebay,ebay:406540418307,"3 in 1 Bedside Sleeper Baby Bassinet, Portable Crib with Storage Basket & Wheels",contact-sheet review
https://i.ebayimg.com/images/g/rkYAAeSwzmFqaEfF/s-l500.webp,other,ebay,ebay:800707519928,Baby Bassinet Bedside Sleeper w/ 6-Level Height Adjustable Crib for Newborn,contact-sheet review
https://i.ebayimg.com/images/g/rl4AAeSw0dNqQ7iv/s-l500.webp,other,ebay,ebay:366511644226,Fisher Price High Chair Rainforest Healthy Care High Chair Replacement Part,contact-sheet review
https://i.ebayimg.com/images/g/shEAAeSwdIRqsYi5/s-l500.webp,other,ebay,ebay:158328990881,Vintage Fisher Price Neighborhood Deluxe Play Set #2551 Incomplete,contact-sheet review
https://i.ebayimg.com/images/g/sj4AAeSwJD5oX2rB/s-l500.webp,other,ebay,ebay:146677153432,Corner Protector Guards - Furniture Edge Safety Bumpers - Baby Proof Bumper & Cu,contact-sheet review
https://i.ebayimg.com/images/g/smEAAeSwtyNo2JQH/s-l500.webp,other,ebay,ebay:136517714066,Baby Bassinet Bedside Sleeper w/Storage Basket & Wheels for Newborn,contact-sheet review
https://i.ebayimg.com/images/g/spQAAeSwsftpHpg6/s-l500.webp,other,ebay,ebay:227521174176,"Stokke Tripp Trapp High Chair Storage - White, Pre-owned",contact-sheet review
https://i.ebayimg.com/images/g/tjkAAeSwEQRqJaT7/s-l500.webp,other,ebay,ebay:257552477343,"Upseat Baby Floor & Booster Seat with Tray, Great Condition, Gently Used",contact-sheet review
https://i.ebayimg.com/images/g/uJMAAeSwsqlqf4Hi/s-l500.webp,other,ebay,ebay:198571561057,Vintage Sassy Seat Deluxe Clip On Booster High Chair Feeding Seat Aluminum W Box,contact-sheet review
https://i.ebayimg.com/images/g/uhwAAeSw2Cpp~R8O/s-l500.webp,other,ebay,ebay:236973921156,Ingenuity Baby Bassinet Bedside Sleeper Portable Rolling Crib Gray Mesh Used,contact-sheet review
https://i.ebayimg.com/images/g/vdMAAeSw9XdqKxIT/s-l500.webp,other,ebay,ebay:137404806486,OXO Tot Sprout Adjustable Foot Rest Replacement Step Only High Chair Original,contact-sheet review
https://i.ebayimg.com/images/g/vr8AAeSwgAxp-kBB/s-l500.webp,other,ebay,ebay:168355453863,Graco Tot Loc No Slip Clip On High Chair/ Booster With Bears & Hearts VTG,contact-sheet review
https://i.ebayimg.com/images/g/v~0AAeSwripqKu8b/s-l500.webp,other,ebay,ebay:147457712164,"Baby Bedside Sleeper Bassinet Bed,3 in 1 Portable Crib for Newborns Side Sleeper",contact-sheet review
https://i.ebayimg.com/images/g/w1MAAeSwz6xpencZ/s-l500.webp,other,ebay,ebay:298005150517,Fisher Price Rainforest High Chair K2927 Music Lights Tray Toy •Replacement Part,contact-sheet review
https://i.ebayimg.com/images/g/wNEAAOSw9dVlU2Et/s-l500.webp,other,ebay,ebay:375805747022,"Baby Bassinet,Rocking Cribs, Newborn Infant Bedside Sleeper,Co-Sleeper for Baby",contact-sheet review
https://i.ebayimg.com/images/g/wZwAAeSwknFqcN2W/s-l500.webp,other,ebay,ebay:168588155235,Bilt-Rite Booster Seat High Chair Lock on Table Made in USA Graco Tot VTG Hearts,contact-sheet review
https://i.ebayimg.com/images/g/wfIAAeSwqFVn9uMP/s-l500.webp,other,ebay,ebay:335904014824,Graco Pack N Play Side Storage Bag Replacement Part,contact-sheet review
https://i.ebayimg.com/images/g/wnIAAeSwiBtqWEtJ/s-l500.webp,other,ebay,ebay:318603354874,"BabyBond Baby Bassinet Bedside Crib, 3-In-1 Baby Bedside Sleeper Mattress Beige",contact-sheet review
https://i.ebayimg.com/images/g/xRAAAeSw3Txqq~pV/s-l500.webp,other,ebay,ebay:307184093780,Graco Pack n Play Playard Storage Organizer Caddy Replacement Part Clips GRAY 31,contact-sheet review
https://i.ebayimg.com/images/g/xUMAAeSwh~xqWqWU/s-l500.webp,other,ebay,ebay:188656895950,Rare Vintage Y2K 2002 Cosco Disney Simba Lion King Baby Highchair High Chair NEW,contact-sheet review
https://i.ebayimg.com/images/g/xa8AAeSwW4tqepas/s-l500.webp,other,ebay,ebay:178395096507,3 in 1 Baby Bassinet Bedside Sleeper Portable Crib for Newborn Infant,contact-sheet review
https://i.ebayimg.com/images/g/xhwAAeSwZQpqBsM7/s-l500.webp,other,ebay,ebay:178135875492,"5 in 1 Baby Bassinet Bedside Sleeper, Rocking 6 Adjustable Heights With Wheels",contact-sheet review
https://i.ebayimg.com/images/g/yEIAAeSwWz1p42q6/s-l500.webp,other,ebay,ebay:227306294393,"3 in 1 Baby Bassinet with Wheels, Portable Bedside Sleeper for Baby 3 Adjustable",contact-sheet review
https://i.ebayimg.com/images/g/yLMAAOSwxg9oUWtN/s-l500.webp,other,ebay,ebay:146655227884,Furniture Corner Guard & Edge Safety Bumpers - Baby Proof Bumper & Cushion to Co,contact-sheet review
https://i.ebayimg.com/images/g/yqsAAOSwDChjx1aR/s-l500.webp,other,ebay,ebay:255933651021,Fisher Price Think & Learn Rocktopus Musical Learning Toy Preschool 3-6 FXW98,contact-sheet review
https://i.ebayimg.com/images/g/z1oAAeSwy7NqIAG-/s-l500.webp,other,ebay,ebay:188460852708,Maxi-Cosi iora 2-In-1 Bedside Sleeper Bassinet Foldable Adjustable - Navy Blue,contact-sheet review
https://i.ebayimg.com/images/g/~88AAeSwHO1qmCnI/s-l500.webp,other,ebay,ebay:800601685558,"Bassinet Bedside Sleeper for Baby, 2 in 1 Baby Crib for Newborn, Bedside Bass...",contact-sheet review
https://i.ebayimg.com/images/g/~YYAAeSwiOxqnXxM/s-l500.webp,other,ebay,ebay:237053432831,Ingenuity Baby High Chair Gray/White Removable Tray Cup Holder Safety Harness,contact-sheet review
https://i.ebayimg.com/images/g/~wIAAeSwTTtqtEQt/s-l500.webp,other,ebay,ebay:800706096693,Stokke Tripp Trapp Baby Set & Removable Tray,contact-sheet review
https://images.craigslist.org/00101_a4dZMtRRLWi_0CI0t2_600x450.jpg,other,craigslist,cl:7959169167,Easel and chalkboard,contact-sheet review
https://images.craigslist.org/00303_ekERHRxAMOO_0ab06k_600x450.jpg,other,craigslist,cl:7952853100,Variety of Wicker Baskets - Priced Individually,contact-sheet review
https://images.craigslist.org/00303_fE5iMg8zwKu_0t20CI_600x450.jpg,other,craigslist,cl:7963230426,Safety First Car Seat,contact-sheet review
https://images.craigslist.org/00404_13MiGRmT3vb_0n90t2_600x450.jpg,other,craigslist,cl:7949767476,Brand New Sleepover Kit,contact-sheet review
https://images.craigslist.org/00404_8B6gc7pewp4_0lN0CI_600x450.jpg,other,craigslist,cl:7953099405,Pillow and pillowcase,contact-sheet review
https://images.craigslist.org/00404_9xVNchy4hwH_0gl0t2_600x450.jpg,other,craigslist,cl:7956017143,Magnetic Shoe Storage Box Drop Side/Front Sneaker Case Stackable Conta,contact-sheet review
https://images.craigslist.org/00404_fjlOWExL2F7_0hz0ni_600x450.jpg,other,craigslist,cl:7970397084,Ficus Alii,contact-sheet review
https://images.craigslist.org/00606_h8nuciA0c6G_0CI0rz_600x450.jpg,other,craigslist,cl:7960317021,2016 Freightliner cascadia for sale,contact-sheet review
https://images.craigslist.org/00707_6zrHJFrezoZ_0lN0CI_600x450.jpg,other,craigslist,cl:7950317736,Various Baby Items,contact-sheet review
https://images.craigslist.org/00707_je2oR6LkMYz_0iM0t2_600x450.jpg,other,craigslist,cl:7965909840,Floral chairs,contact-sheet review
https://images.craigslist.org/00808_7xmYLt0TIpp_0gw0oM_600x450.jpg,other,craigslist,cl:7963110729,Luxury BMW x3,contact-sheet review
https://images.craigslist.org/00808_e3qK4Nju7KR_0CI0t2_600x450.jpg,other,craigslist,cl:7938915948,TWO BABY CAR SEAT WITH BASES DISNEY CLEAN EXCELLENT CONDITION 30518,contact-sheet review
https://images.craigslist.org/00808_i0bo7ZvflnC_0hT0bW_600x450.jpg,other,craigslist,cl:7956151145,LED LIGHT BULBS - 500% BRIGHTER LIGHT OUTPUT - ALL CARS & TRUCKS,contact-sheet review
https://images.craigslist.org/00808_iJpdvXMkRKy_0bC0fu_600x450.jpg,other,craigslist,cl:7954355689,Stroller/carseat travel system,contact-sheet review
https://images.craigslist.org/00909_7vGGj4gWuiU_0t20CI_600x450.jpg,other,craigslist,cl:7932840751,Stokke Xplory True Black Limited Edition.,contact-sheet review
https://images.craigslist.org/00909_hlVsM6gMYP5_0t20CI_600x450.jpg,other,craigslist,cl:7962332229,Nuna RAVA Convertible Car Seat,contact-sheet review
https://images.craigslist.org/00C0C_80dkwwkqeeM_0CI0sI_600x450.jpg,other,craigslist,cl:7963260573,Professional Holiday Pictures sessions,contact-sheet review
https://images.craigslist.org/00D0D_fk65ffbA1Nt_06f06S_600x450.jpg,other,craigslist,cl:7967846529,Puppies full of love and playful energy,contact-sheet review
https://images.craigslist.org/00D0D_gToWNUfLF6K_0nf0t2_600x450.jpg,other,craigslist,cl:7965907929,Motorized scooters,contact-sheet review
https://images.craigslist.org/00F0F_2jMB83EMRQa_0CI0pK_600x450.jpg,other,craigslist,cl:7971469038,Wood Beaded Chandelier Boho Farmhouse Light Fixture,contact-sheet review
https://images.craigslist.org/00H0H_jBhuLhZqz4r_06V0af_600x450.jpg,other,craigslist,cl:7971881178,Vintage Baby Blanket,contact-sheet review
https://images.craigslist.org/00J0J_8lCa0VosgvO_0v40t2_600x450.jpg,other,craigslist,cl:7964070882,Crib/Toddler Bed,contact-sheet review
https://images.craigslist.org/00J0J_9uKtdPr1i1b_07C08Y_600x450.jpg,other,craigslist,cl:7970242101,Vintage Girl's Blue Dress with White Lace Ruffle by Atlanta Mills-Sz 7,contact-sheet review
https://images.craigslist.org/00L0L_8xE45MF8TIl_0CI0lJ_600x450.jpg,other,craigslist,cl:7970087286,SOLID WOOD TABLE w/ (2) Drop Sides & Drawer (ETHAN ALLEN) .....,contact-sheet review
https://images.craigslist.org/00L0L_gf2ch2H1oYb_0CI0lM_600x450.jpg,other,craigslist,cl:7969966626,Mika Micky Bedside Sleeper / Baby Bassinet (Grey) – Excellent Condition,contact-sheet review
https://images.craigslist.org/00M0M_1JhSi6n7f0W_0t20CI_600x450.jpg,other,craigslist,cl:7938778634,Babytrend stroller,contact-sheet review
https://images.craigslist.org/00M0M_lpGBDKk0e8R_05l05t_600x450.jpg,other,craigslist,cl:7956603752,PlayfulYorkiePups💬,contact-sheet review
https://images.craigslist.org/00N0N_8aOSIGQ3Nsa_0dq0t2_600x450.jpg,other,craigslist,cl:7962312771,2005 Yamaha Raptor 660R,contact-sheet review
https://images.craigslist.org/00N0N_atnLu5zun3e_09x05t_600x450.jpg,other,craigslist,cl:7953497038,Set of 3 Handmade Baby Booties,contact-sheet review
https://images.craigslist.org/00O0O_2dsw7UnWdVf_0lM0t2_600x450.jpg,other,craigslist,cl:7946279093,Venta Air Washer LW45,contact-sheet review
https://images.craigslist.org/00Q0Q_bVqr4GKjtDW_0oc0oc_600x450.jpg,other,craigslist,cl:7969399083,"Graco SnugRide SnugLock LX Infant Car Seat, Rear Baby Car Seat",contact-sheet review
https://images.craigslist.org/00R0R_6GCixZj0xfo_0CI0t2_600x450.jpg,other,craigslist,cl:7934849622,Used] 2014 -2015-2016-2017-2018-2019 Chevrolet Corvette C7 Front Bumpe,contact-sheet review
https://images.craigslist.org/00R0R_io8ekbVGzHs_05s09d_600x450.jpg,other,craigslist,cl:7954298413,Vintage Baby Bonnets and White Eyelet Baby Halter Top,contact-sheet review
https://images.craigslist.org/00S0S_9WIRkn7L7GJ_0bC0fu_600x450.jpg,other,craigslist,cl:7961459802,Baby seat,contact-sheet review
https://images.craigslist.org/00S0S_kX4GR4QTSMU_0CI0pO_600x450.jpg,other,craigslist,cl:7954468387,Professional Holiday Pictures sessions,contact-sheet review
https://images.craigslist.org/00T0T_lVMpyiaxZop_0b70eP_600x450.jpg,other,craigslist,cl:7953539087,Barbie Dream House,contact-sheet review
https://images.craigslist.org/00U0U_c1Xsv4kuD1J_0bC0fu_600x450.jpg,other,craigslist,cl:7969453047,hello kitty bean bag,contact-sheet review
https://images.craigslist.org/00U0U_lfFgre3UJRT_08I0fu_600x450.jpg,other,craigslist,cl:7954554093,Selling Baby jumper,contact-sheet review
https://images.craigslist.org/00V0V_2KSIdUWOTXP_09Y068_600x450.jpg,other,craigslist,cl:7954302882,Assorted Girl's Belts,contact-sheet review
https://images.craigslist.org/00V0V_cHfZ9UHUQCe_0CI0t2_600x450.jpg,other,craigslist,cl:7965051561,Little Tikes School Bus Climber and Slide with Interactive Dashboard,contact-sheet review
https://images.craigslist.org/00W0W_5Z2fadpoejcz_0t20CI_600x450.jpg,other,craigslist,cl:7934407173,Vintage Winnie the Pooh lamp small,contact-sheet review
https://images.craigslist.org/00X0X_ajK4Mfyve4R_06s09B_600x450.jpg,other,craigslist,cl:7958780214,Collectible Porcelain Doll by Brinn's,contact-sheet review
https://images.craigslist.org/00b0b_4ZXChLrPaWY_0fu0bC_600x450.jpg,other,craigslist,cl:7955844969,Walking Baby Bike,contact-sheet review
https://images.craigslist.org/00c0c_hcmq6xLp7Nf_0cU08B_600x450.jpg,other,craigslist,cl:7973051349,1996 FORD F250 4X4 7.3 DIESEL ONLY 122K MILES RUST FREE 1995 1997 F350,contact-sheet review
https://images.craigslist.org/00f0f_41S3MIP2rLn_0MM0MM_600x450.jpg,other,craigslist,cl:7958387000,Young Scientist Microscope Set. Never used.  (Sells for 70 when new),contact-sheet review
https://images.craigslist.org/00f0f_4QRz8xwfSYJ_0CI0t2_600x450.jpg,other,craigslist,cl:7951723532,Pottery Barn Kids Set of 3 White Baskets and Covers!,contact-sheet review
https://images.craigslist.org/00f0f_bgiAIElnsS9_0li0gL_600x450.jpg,other,craigslist,cl:7945298844,Luvlap Adore Electric Breast Pump,contact-sheet review
https://images.craigslist.org/00g0g_7oKTLsJI3qG_0pO0CI_600x450.jpg,other,craigslist,cl:7970734992,Chicco Fit4 4-in-1 Convertible Car Seat,contact-sheet review
https://images.craigslist.org/00h0h_4iEG4FJb3vi_04805t_600x450.jpg,other,craigslist,cl:7971213591,Vintage 1950s Small Child or Toddler Wooden Chair,contact-sheet review
https://images.craigslist.org/00i0i_ajWkjIfdfal_0t20CI_600x450.jpg,other,craigslist,cl:7959169497,Child’s wardrobe unit,contact-sheet review
https://images.craigslist.org/00j0j_hzzQl03EMql_06v08M_600x450.jpg,other,craigslist,cl:7954581602,"1985 Edition of ""How The Grinch Stole Christmas by Dr. Seuss",contact-sheet review
https://images.craigslist.org/00j0j_iSRQxYDHcL8_07K0ak_600x450.jpg,other,craigslist,cl:7963828671,Child's Spacesuit Costume,contact-sheet review
https://images.craigslist.org/00j0j_kPOQXlPAwHZ_0t20CI_600x450.jpg,other,craigslist,cl:7953469685,White 4-Drawer Dresser with Built-in LED Lights & Wardrobe Cubby,contact-sheet review
https://images.craigslist.org/00l0l_eOH6dq8mJW0_07L0ak_600x450.jpg,other,craigslist,cl:7958437431,Graco stroller,contact-sheet review
https://images.craigslist.org/00m0m_d9q2WjhvRBB_0hk0co_600x450.jpg,other,craigslist,cl:7970883021,2024 Nissan Rogue FWD SUV Platinum,contact-sheet review
https://images.craigslist.org/00m0m_j3rX7JjOKGc_0hq0iM_600x450.jpg,other,craigslist,cl:7950538551,IKEA Kura Kids Twin Bed Reversible,contact-sheet review
https://images.craigslist.org/00n0n_8GriZdBt4h6_06u09e_600x450.jpg,other,craigslist,cl:7970224020,Vintage Emily Rose Girl's Floral Dress - Size 10,contact-sheet review
https://images.craigslist.org/00o0o_6JCTYgcCJzX_0kE0fu_600x450.jpg,other,craigslist,cl:7971607227,2002 Dodge Dakota Quad Sport 4x4,contact-sheet review
https://images.craigslist.org/00p0p_ktL3vKedmVP_0vv0t2_600x450.jpg,other,craigslist,cl:7952196672,1997 BMW S52 Swapped E39 528i Manual E36 M3,contact-sheet review
https://images.craigslist.org/00q0q_j7z6MRJFOB9_0t20CI_600x450.jpg,other,craigslist,cl:7951723186,Step 2 Girls Pink Make Up Table in Great Shape!!,contact-sheet review
https://images.craigslist.org/00r0r_9o7bKbGBErb_0li0so_600x450.jpg,other,craigslist,cl:7972454643,Melissa & Doug Match and Roll Shape Sorter - Moving Sale! - $5,contact-sheet review
https://images.craigslist.org/00t0t_2TjBL59sNLP_0t20CI_600x450.jpg,other,craigslist,cl:7955318748,Frozen suitcase on wheels,contact-sheet review
https://images.craigslist.org/00u0u_9Iq4N53A2yS_0CI0t2_600x450.jpg,other,craigslist,cl:7965371664,2009-2010-2011-2012-2013-2014-2015-2016-2017-2018-2019-2020 NISSAN 370,contact-sheet review
https://images.craigslist.org/00u0u_kltZbQGFzAd_0CI0t2_600x450.jpg,other,craigslist,cl:7965218934,Melissa & Doug wooden puppet theater set,contact-sheet review
https://images.craigslist.org/00v0v_8O7LGpKiV5j_07C07g_600x450.jpg,other,craigslist,cl:7952866359,Brand new/ tag unicorn travel neck pillow,contact-sheet review
https://images.craigslist.org/00x0x_feN3mxTmy9p_06d07g_600x450.jpg,other,craigslist,cl:7956029446,"Vintage Framed Charlotte Becker Picture Entitled ""Daddy's Sweetheart""",contact-sheet review
https://images.craigslist.org/00y0y_bX0bubrpM1L_0nm0hw_600x450.jpg,other,craigslist,cl:7971563607,Sweet Puppies,contact-sheet review
https://images.craigslist.org/00y0y_yJILNBLgAW_06Q07e_600x450.jpg,other,craigslist,cl:7955213380,BeautifulYorkiepus (646) three23-4749,contact-sheet review
https://images.craigslist.org/00z0z_6kTKphZTAqf_0lM0CI_600x450.jpg,other,craigslist,cl:7941061081,45 packs of MCKESSON Classic plus Underpads  Brand new  Pick up at 4099 Sweetspr,contact-sheet review
https://images.craigslist.org/00z0z_841m3D83VaV_0t20CI_600x450.jpg,other,craigslist,cl:7944004171,Chris Craft Commander repowered 454 MPI freshwater,contact-sheet review
https://images.craigslist.org/00z0z_Cu10FwarPP_0MM132_600x450.jpg,other,craigslist,cl:7966531764,Baby Jogger City Mini GT2 Stroller,contact-sheet review
https://images.craigslist.org/00z0z_cfGAvAJO5VB_0kE0kE_600x450.jpg,other,craigslist,cl:7956150885,"CAR LED LIGHTING - Headlight Bulbs, Atmosphere Lights, Underglow Kits",contact-sheet review
https://images.craigslist.org/01010_3tXJSWDNuad_0ew0ew_600x450.jpg,other,craigslist,cl:7934296188,new with tags girls size M  mossimo supply co jean jacket (org 19.99),contact-sheet review
https://images.craigslist.org/01010_f0HvTqIx3wH_06U07w_600x450.jpg,other,craigslist,cl:7953094851,Wood Doll Cradle - Hand Made - BRAND NEW!,contact-sheet review
https://images.craigslist.org/01111_6OGnYeXq2XX_0CI0t2_600x450.jpg,other,craigslist,cl:7957997138,Doll House,contact-sheet review
https://images.craigslist.org/01111_cMQgRe9uzNu_0gw0co_600x450.jpg,other,craigslist,cl:7971226053,2006 Ford Ranger FX4 4x4,contact-sheet review
https://images.craigslist.org/01111_kJgn22FHwia_0iR0t2_600x450.jpg,other,craigslist,cl:7952846891,Girls flat black dress shoes sz. 3,contact-sheet review
https://images.craigslist.org/01515_54NfZM1y4y6_0CI0to_600x450.jpg,other,craigslist,cl:7972259337,Baby Crib/Toddler Bed/ Convertible Crib,contact-sheet review
https://images.craigslist.org/01515_b0KDArlubjZ_0gl0t2_600x450.jpg,other,craigslist,cl:7955751435,Duplo blocks,contact-sheet review
https://images.craigslist.org/01515_bfDhaipDucl_07K0ak_600x450.jpg,other,craigslist,cl:7961277543,All New Born Bay items for sale at reasonable Price,contact-sheet review
https://www.cpsc.gov/s3fs-public/HONEYJOY-1.jpg,other,cpsc,cpsc:https://www.cpsc.gov/s3fs-public/HONEYJOY-1.jpg,HONEYJOY Recalls Multiple Convertible and Foldable High Chairs Due to Risk of Suffocation; Violation of Federal Regulati,contact-sheet review
https://www.cpsc.gov/s3fs-public/HONEYJOY-2.jpg,other,cpsc,cpsc:https://www.cpsc.gov/s3fs-public/HONEYJOY-2.jpg,HONEYJOY Recalls Multiple Convertible and Foldable High Chairs Due to Risk of Suffocation; Violation of Federal Regulati,contact-sheet review
https://www.cpsc.gov/s3fs-public/HONEYJOY-3.png,other,cpsc,cpsc:https://www.cpsc.gov/s3fs-public/HONEYJOY-3.png,HONEYJOY Recalls Multiple Convertible and Foldable High Chairs Due to Risk of Suffocation; Violation of Federal Regulati,contact-sheet review
https://www.cpsc.gov/s3fs-public/HONEYJOY-4.png,other,cpsc,cpsc:https://www.cpsc.gov/s3fs-public/HONEYJOY-4.png,HONEYJOY Recalls Multiple Convertible and Foldable High Chairs Due to Risk of Suffocation; Violation of Federal Regulati,contact-sheet review
https://www.cpsc.gov/s3fs-public/HONEYJOY-5.jpg,other,cpsc,cpsc:https://www.cpsc.gov/s3fs-public/HONEYJOY-5.jpg,HONEYJOY Recalls Multiple Convertible and Foldable High Chairs Due to Risk of Suffocation; Violation of Federal Regulati,contact-sheet review
https://www.cpsc.gov/s3fs-public/HONEYJOY-6.png,other,cpsc,cpsc:https://www.cpsc.gov/s3fs-public/HONEYJOY-6.png,HONEYJOY Recalls Multiple Convertible and Foldable High Chairs Due to Risk of Suffocation; Violation of Federal Regulati,contact-sheet review
https://www.cpsc.gov/s3fs-public/HONEYJOY-7.png,other,cpsc,cpsc:https://www.cpsc.gov/s3fs-public/HONEYJOY-7.png,HONEYJOY Recalls Multiple Convertible and Foldable High Chairs Due to Risk of Suffocation; Violation of Federal Regulati,contact-sheet review
https://www.cpsc.gov/s3fs-public/Picture12_1.jpg,other,cpsc,cpsc:https://www.cpsc.gov/s3fs-public/Picture12_1.jpg,Sanven Technology Recalls Vevor Baby Swings Due to Risk of Serious Injury from Suffocation Hazard; Violates Mandatory St,contact-sheet review
https://www.cpsc.gov/s3fs-public/Picture14_0.jpg,other,cpsc,cpsc:https://www.cpsc.gov/s3fs-public/Picture14_0.jpg,Sanven Technology Recalls Vevor Baby Swings Due to Risk of Serious Injury from Suffocation Hazard; Violates Mandatory St,contact-sheet review
https://www.cpsc.gov/s3fs-public/Picture16_1.jpg,other,cpsc,cpsc:https://www.cpsc.gov/s3fs-public/Picture16_1.jpg,Sanven Technology Recalls Vevor Baby Swings Due to Risk of Serious Injury from Suffocation Hazard; Violates Mandatory St,contact-sheet review
https://www.cpsc.gov/s3fs-public/Picture17_1.jpg,other,cpsc,cpsc:https://www.cpsc.gov/s3fs-public/Picture17_1.jpg,Sanven Technology Recalls Vevor Baby Swings Due to Risk of Serious Injury from Suffocation Hazard; Violates Mandatory St,contact-sheet review
https://www.cpsc.gov/s3fs-public/Screen Shot 2019-06-27 at 8.05.55 AM.png,other,cpsc,cpsc:https://www.cpsc.gov/s3fs-public/Screen Shot 2019-06-27 at 8.05.55 AM.png,Fisher-Price Recalls Inclined Sleeper Accessory Included with Ultra-Lite Day & Night Play Yards Due to Safety Concerns A,contact-sheet review
https://www.cpsc.gov/s3fs-public/Screen Shot 2019-06-27 at 8.06.04 AM.png,other,cpsc,cpsc:https://www.cpsc.gov/s3fs-public/Screen Shot 2019-06-27 at 8.06.04 AM.png,Fisher-Price Recalls Inclined Sleeper Accessory Included with Ultra-Lite Day & Night Play Yards Due to Safety Concerns A,contact-sheet review
https://www.cpsc.gov/s3fs-public/babyjoy-1.png,other,cpsc,cpsc:https://www.cpsc.gov/s3fs-public/babyjoy-1.png,Costway Recalls Babyjoy High Chairs Due to Entrapment and Suffocation Hazards; Ban on Inclined Sleepers and Violation of,contact-sheet review
https://www.cpsc.gov/s3fs-public/babyjoy-2.jpg,other,cpsc,cpsc:https://www.cpsc.gov/s3fs-public/babyjoy-2.jpg,Costway Recalls Babyjoy High Chairs Due to Entrapment and Suffocation Hazards; Ban on Inclined Sleepers and Violation of,contact-sheet review
https://www.cpsc.gov/s3fs-public/babyjoy-3.jpg,other,cpsc,cpsc:https://www.cpsc.gov/s3fs-public/babyjoy-3.jpg,Costway Recalls Babyjoy High Chairs Due to Entrapment and Suffocation Hazards; Ban on Inclined Sleepers and Violation of,contact-sheet review
https://www.cpsc.gov/s3fs-public/bassinet-black-brown.jpg,other,cpsc,cpsc:https://www.cpsc.gov/s3fs-public/bassinet-black-brown.jpg,Peg Perego Recalls Inclined Sleeper Bassinets for YPSI and Z4 Strollers Due to Risk of Suffocation and Fall Hazard; Viol,contact-sheet review
https://www.cpsc.gov/s3fs-public/bassinet-black.jpg,other,cpsc,cpsc:https://www.cpsc.gov/s3fs-public/bassinet-black.jpg,Peg Perego Recalls Inclined Sleeper Bassinets for YPSI and Z4 Strollers Due to Risk of Suffocation and Fall Hazard; Viol,contact-sheet review
https://www.cpsc.gov/s3fs-public/bassinet-gray-brown.jpg,other,cpsc,cpsc:https://www.cpsc.gov/s3fs-public/bassinet-gray-brown.jpg,Peg Perego Recalls Inclined Sleeper Bassinets for YPSI and Z4 Strollers Due to Risk of Suffocation and Fall Hazard; Viol,contact-sheet review
https://www.cpsc.gov/s3fs-public/bassinet-pink-beige.jpg,other,cpsc,cpsc:https://www.cpsc.gov/s3fs-public/bassinet-pink-beige.jpg,Peg Perego Recalls Inclined Sleeper Bassinets for YPSI and Z4 Strollers Due to Risk of Suffocation and Fall Hazard; Viol,contact-sheet review
https://www.cpsc.gov/s3fs-public/comeonroa-1.png,other,cpsc,cpsc:https://www.cpsc.gov/s3fs-public/comeonroa-1.png,COMEONROA Infant Swings Recalled Due to Risk of Serious Injury or Death from Suffocation Hazard; Violation of the Inclin,contact-sheet review
https://www.cpsc.gov/s3fs-public/comeonroa-2.png,other,cpsc,cpsc:https://www.cpsc.gov/s3fs-public/comeonroa-2.png,COMEONROA Infant Swings Recalled Due to Risk of Serious Injury or Death from Suffocation Hazard; Violation of the Inclin,contact-sheet review
https://www.cpsc.gov/s3fs-public/crib1_1.jpg,other,cpsc,cpsc:https://www.cpsc.gov/s3fs-public/crib1_1.jpg,Summer Infant Recalls SwaddleMe By Your Bed Inclined Sleepers to Prevent Risk of Suffocation,contact-sheet review
